-- MySQL dump 10.13  Distrib 8.0.22, for Linux (x86_64)
--
-- Host: localhost    Database: forge
-- ------------------------------------------------------
-- Server version	8.0.22

/*!40101 SET @OLD_CHARACTER_SET_CLIENT=@@CHARACTER_SET_CLIENT */;
/*!40101 SET @OLD_CHARACTER_SET_RESULTS=@@CHARACTER_SET_RESULTS */;
/*!40101 SET @OLD_COLLATION_CONNECTION=@@COLLATION_CONNECTION */;
/*!50503 SET NAMES utf8mb4 */;
/*!40103 SET @OLD_TIME_ZONE=@@TIME_ZONE */;
/*!40103 SET TIME_ZONE='+00:00' */;
/*!40014 SET @OLD_UNIQUE_CHECKS=@@UNIQUE_CHECKS, UNIQUE_CHECKS=0 */;
/*!40014 SET @OLD_FOREIGN_KEY_CHECKS=@@FOREIGN_KEY_CHECKS, FOREIGN_KEY_CHECKS=0 */;
/*!40101 SET @OLD_SQL_MODE=@@SQL_MODE, SQL_MODE='NO_AUTO_VALUE_ON_ZERO' */;
/*!40111 SET @OLD_SQL_NOTES=@@SQL_NOTES, SQL_NOTES=0 */;

--
-- Table structure for table `discord_channels`
--

DROP TABLE IF EXISTS `discord_channels`;
/*!40101 SET @saved_cs_client     = @@character_set_client */;
/*!50503 SET character_set_client = utf8mb4 */;
CREATE TABLE `discord_channels` (
  `id` bigint unsigned NOT NULL AUTO_INCREMENT,
  `name` varchar(255) COLLATE utf8mb4_unicode_ci NOT NULL,
  `snowflake` varchar(255) COLLATE utf8mb4_unicode_ci NOT NULL,
  PRIMARY KEY (`id`)
) ENGINE=InnoDB DEFAULT CHARSET=utf8mb4 COLLATE=utf8mb4_unicode_ci;
/*!40101 SET character_set_client = @saved_cs_client */;

--
-- Dumping data for table `discord_channels`
--

LOCK TABLES `discord_channels` WRITE;
/*!40000 ALTER TABLE `discord_channels` DISABLE KEYS */;
/*!40000 ALTER TABLE `discord_channels` ENABLE KEYS */;
UNLOCK TABLES;

--
-- Table structure for table `driver_scores`
--

DROP TABLE IF EXISTS `driver_scores`;
/*!40101 SET @saved_cs_client     = @@character_set_client */;
/*!50503 SET character_set_client = utf8mb4 */;
CREATE TABLE `driver_scores` (
  `id` bigint unsigned NOT NULL AUTO_INCREMENT,
  `driver_id` bigint unsigned NOT NULL,
  `barcelona` mediumint NOT NULL DEFAULT '0',
  `brands_hatch` mediumint NOT NULL DEFAULT '0',
  `barcelona_2019` mediumint NOT NULL DEFAULT '0',
  `brands_hatch_2019` mediumint NOT NULL DEFAULT '0',
  `hungaroring` mediumint NOT NULL DEFAULT '0',
  `hungaroring_2019` mediumint NOT NULL DEFAULT '0',
  `kyalami_2019` mediumint NOT NULL DEFAULT '0',
  `laguna_seca_2019` mediumint NOT NULL DEFAULT '0',
  `misano` mediumint NOT NULL DEFAULT '0',
  `misano_2019` mediumint NOT NULL DEFAULT '0',
  `monza` mediumint NOT NULL DEFAULT '0',
  `monza_2019` mediumint NOT NULL DEFAULT '0',
  `mount_panorama_2019` mediumint NOT NULL DEFAULT '0',
  `nurburgring` mediumint NOT NULL DEFAULT '0',
  `nurburgring_2019` mediumint NOT NULL DEFAULT '0',
  `paul_ricard` mediumint NOT NULL DEFAULT '0',
  `paul_ricard_2019` mediumint NOT NULL DEFAULT '0',
  `silverstone` mediumint NOT NULL DEFAULT '0',
  `silverstone_2019` mediumint NOT NULL DEFAULT '0',
  `spa` mediumint NOT NULL DEFAULT '0',
  `spa_2019` mediumint NOT NULL DEFAULT '0',
  `suzuka_2019` mediumint NOT NULL DEFAULT '0',
  `zandvoort` mediumint NOT NULL DEFAULT '0',
  `zandvoort_2019` mediumint NOT NULL DEFAULT '0',
  `zolder` mediumint NOT NULL DEFAULT '0',
  `zolder_2019` mediumint NOT NULL DEFAULT '0',
  `created_at` timestamp NULL DEFAULT NULL,
  `updated_at` timestamp NULL DEFAULT NULL,
  `barcelona_2020` mediumint NOT NULL DEFAULT '0',
  `brands_hatch_2020` mediumint NOT NULL DEFAULT '0',
  `hungaroring_2020` mediumint NOT NULL DEFAULT '0',
  `misano_2020` mediumint NOT NULL DEFAULT '0',
  `monza_2020` mediumint NOT NULL DEFAULT '0',
  `nurburgring_2020` mediumint NOT NULL DEFAULT '0',
  `paul_ricard_2020` mediumint NOT NULL DEFAULT '0',
  `silverstone_2020` mediumint NOT NULL DEFAULT '0',
  `spa_2020` mediumint NOT NULL DEFAULT '0',
  `zandvoort_2020` mediumint NOT NULL DEFAULT '0',
  `zolder_2020` mediumint NOT NULL DEFAULT '0',
  `imola_2020` mediumint NOT NULL DEFAULT '0',
  PRIMARY KEY (`id`),
  KEY `driver_scores_driver_id_foreign` (`driver_id`),
  CONSTRAINT `driver_scores_driver_id_foreign` FOREIGN KEY (`driver_id`) REFERENCES `drivers` (`id`) ON DELETE CASCADE
) ENGINE=InnoDB AUTO_INCREMENT=80 DEFAULT CHARSET=utf8mb4 COLLATE=utf8mb4_unicode_ci;
/*!40101 SET character_set_client = @saved_cs_client */;

--
-- Dumping data for table `driver_scores`
--

LOCK TABLES `driver_scores` WRITE;
/*!40000 ALTER TABLE `driver_scores` DISABLE KEYS */;
INSERT INTO `driver_scores` VALUES (1,10,107824,0,105699,86641,107290,0,104278,84826,0,96504,111270,0,143661,0,118023,118542,0,120340,120495,141760,141204,123300,99168,98454,91224,91278,'2020-10-20 00:21:06','2021-01-18 06:00:14',0,0,0,96714,0,0,0,0,0,0,90693,106470),(2,1,0,84243,0,0,0,0,102670,83671,94686,0,0,0,124023,0,115812,0,0,118221,0,140511,0,122077,0,0,90156,0,'2020-10-20 00:25:08','2021-02-01 06:00:04',0,0,0,94854,0,0,115395,0,139221,0,89359,102462),(3,2,105384,0,0,84895,0,107376,102045,84232,0,95449,109516,109530,154776,0,116715,117468,0,120465,120778,0,140254,122703,0,102783,90246,89698,'2020-10-20 00:25:08','2020-11-02 06:59:35',0,0,0,0,0,0,0,0,0,0,0,0),(4,3,0,0,0,0,0,0,103395,0,0,98520,109833,110421,124497,0,117103,118680,0,120303,120093,0,140934,127488,98415,0,0,0,'2020-10-20 00:25:08','2021-01-18 06:00:06',0,0,0,0,0,0,0,0,140826,0,0,103327),(5,4,0,0,0,0,0,0,103521,84624,0,96865,109681,0,0,117336,117421,0,0,0,0,0,0,0,0,97965,0,0,'2020-10-20 00:25:08','2020-10-20 00:37:34',0,0,0,0,0,0,0,0,0,0,0,0),(6,5,107073,0,108217,86476,105645,105018,102316,83751,0,95899,109702,109719,125064,0,116752,117927,0,120739,121752,141132,141439,121654,0,97051,90804,89770,'2020-10-20 00:25:08','2021-02-01 06:00:10',0,0,105372,95193,108531,115879,115899,0,140325,0,89101,102667),(7,6,106509,0,107505,86865,0,0,103387,83731,0,0,109944,0,0,0,116970,117708,0,119553,121788,0,144729,122001,0,0,90303,0,'2020-10-20 00:25:08','2021-02-01 06:00:12',0,0,106545,95607,0,115951,0,0,140253,0,89793,102891),(8,7,0,0,0,0,0,0,103167,83728,0,0,0,0,0,0,117115,0,0,119310,120168,140337,0,122359,0,0,90831,0,'2020-10-20 00:25:08','2021-02-01 06:00:13',105747,0,0,95034,0,0,116226,0,140022,0,93468,104097),(9,8,0,0,0,86113,110517,0,103842,84412,0,0,111237,0,125040,117150,117880,0,119574,120243,124314,143115,142968,124351,0,97678,91419,95880,'2020-10-20 00:25:08','2021-02-01 06:00:14',0,0,0,96054,0,0,116751,0,141534,0,0,103992),(10,9,0,0,0,0,0,0,102424,84024,95343,0,0,0,124725,0,117235,0,0,118896,0,140163,0,123240,0,0,90000,0,'2020-10-20 00:25:08','2021-02-01 06:00:16',0,85545,0,95275,109929,115656,0,120828,0,0,89814,103966),(11,11,106377,0,0,86496,106890,108501,102973,85798,96381,97006,111051,0,0,117201,118014,118479,0,120265,0,0,0,124128,99435,0,90603,90828,'2020-10-20 00:25:08','2020-12-21 06:00:15',0,0,0,0,0,0,117255,0,142266,97906,90525,104502),(12,12,107023,0,108910,87438,106792,108271,103858,85789,96216,97704,111273,0,127329,0,117793,0,0,123414,0,144792,144321,123660,99055,99174,91773,92686,'2020-10-20 00:25:08','2021-01-25 06:00:14',0,0,108198,95355,110352,0,117333,0,141519,97974,0,103530),(13,13,107364,0,106551,85224,0,107970,102895,83647,0,97069,109567,109239,123381,116955,117654,117883,0,120438,120753,145284,141831,122548,0,97015,90924,0,'2020-10-20 00:25:08','2021-02-01 06:00:21',106161,85350,106605,96637,109713,123676,118446,121200,140970,97551,89686,103450),(14,14,106678,84897,105415,84957,107023,105352,102534,83943,0,95646,110155,108783,124090,116145,117501,0,0,118504,120139,141442,141138,123121,0,105255,90909,89757,'2020-10-20 00:25:08','2021-02-01 06:00:23',0,84615,105588,96276,109690,116994,116859,0,141105,0,89409,103014),(15,15,0,0,0,85818,0,0,0,0,0,96774,111345,110244,0,0,116766,118018,0,0,120598,0,0,0,0,0,0,0,'2020-10-20 00:25:08','2020-10-20 00:37:40',0,0,0,0,0,0,0,0,0,0,0,0),(16,16,107893,0,108127,87420,109449,0,103725,84846,96214,97576,111109,0,0,0,117780,0,0,121510,122763,144660,144156,124272,99294,98907,92421,92025,'2020-10-20 00:25:08','2021-02-01 06:00:25',0,0,107490,96918,0,0,121617,0,142746,0,92805,105519),(17,17,0,0,0,87891,0,0,104637,85998,0,97524,0,0,128001,0,118005,0,0,0,0,144297,143772,125124,0,100644,92724,0,'2020-10-20 00:25:08','2021-01-04 06:00:20',0,0,0,98511,0,127176,119931,0,144618,0,0,107706),(18,18,106836,0,107395,87748,107140,0,105951,84807,97233,97095,0,0,128479,0,118644,0,0,121146,121797,141651,143167,124716,0,0,90381,0,'2020-10-20 00:25:08','2021-01-14 05:27:14',0,86910,107445,95785,110746,118617,118941,0,142233,98007,90172,107589),(19,19,0,0,0,0,0,0,104559,85962,0,0,0,0,0,0,119430,0,0,0,0,143424,0,126069,0,0,93012,0,'2020-10-20 00:25:08','2020-11-04 17:48:07',0,0,0,0,0,0,0,0,0,0,0,0),(20,20,0,0,0,0,0,0,0,0,0,0,0,0,0,0,117798,0,0,0,0,0,0,0,0,0,0,0,'2020-10-20 00:25:08','2020-10-20 00:37:42',0,0,0,0,0,0,0,0,0,0,0,0),(21,21,0,0,0,87766,0,0,0,87210,0,0,0,112399,0,0,120210,0,0,0,0,0,145938,0,0,0,0,94039,'2020-10-20 00:25:08','2020-10-20 00:37:43',0,0,0,0,0,0,0,0,0,0,0,0),(22,22,108682,86092,108273,86398,0,108733,104617,84823,0,97369,110856,112251,127752,0,119203,0,0,121360,122094,144907,142675,123441,99160,99052,92619,92886,'2020-10-20 00:25:08','2021-02-01 06:00:31',0,86467,107127,96460,111240,117507,117745,121527,141051,98262,91603,105180),(23,23,0,85504,107049,87360,107092,106456,104635,84211,0,98439,110583,110041,124756,118509,117372,0,0,121767,121926,143514,142816,122754,0,98424,91341,91189,'2020-10-20 00:25:08','2021-02-01 06:00:33',0,84982,106527,96385,110865,121866,116443,121266,142087,101901,91401,106140),(24,24,0,86220,105727,86847,0,107959,102844,84040,0,95847,0,0,124111,117015,116787,0,0,120036,120805,141285,140496,123342,97836,98643,0,0,'2020-10-20 00:25:08','2021-02-01 06:00:34',0,89467,0,95496,0,118380,116484,0,139929,0,92205,106617),(25,25,0,0,0,0,0,0,105916,88869,0,0,0,0,0,0,123330,0,0,0,0,0,0,127582,0,0,94137,0,'2020-10-20 00:25:08','2021-01-25 06:00:26',0,0,0,99102,0,0,121002,0,144333,0,0,107169),(26,26,108879,84556,106143,85345,105991,105217,101779,83506,95838,95115,109663,108337,124669,0,116736,117682,0,119470,121230,141690,140556,122332,0,95772,90339,89706,'2020-10-20 00:25:08','2021-02-01 06:00:36',0,0,104808,95232,109123,115935,115750,0,141012,96663,89265,102793),(27,27,0,0,0,0,0,0,102858,84768,0,0,111279,0,167508,0,117363,118134,0,120507,122814,141063,0,123060,0,0,91230,0,'2020-10-20 00:25:08','2021-02-01 06:00:38',0,0,107058,96010,0,116338,116982,0,140583,0,0,104889),(28,28,0,85827,0,0,106957,0,103521,85629,0,0,0,0,0,123715,119952,0,0,119409,122439,141945,0,124527,0,0,0,90772,'2020-10-20 00:25:08','2020-12-14 06:00:30',0,0,0,96900,0,0,0,0,0,99306,0,106554),(29,29,0,0,0,0,0,0,0,0,95907,0,0,0,0,0,0,0,0,0,0,142734,0,0,0,0,91176,0,'2020-10-20 00:25:08','2020-11-02 06:46:33',0,0,0,0,0,0,0,0,0,0,0,0),(30,30,0,0,0,0,0,149271,106459,86239,0,0,111705,112098,127477,0,119100,0,0,0,123084,0,0,124165,0,0,93375,0,'2020-10-20 00:25:08','2021-02-01 06:00:41',0,86487,0,0,0,118872,118947,0,143172,0,0,107799),(31,31,107685,0,0,0,105412,0,102618,0,95479,0,0,0,155490,0,116739,0,0,118392,121890,139329,0,121764,98235,0,0,0,'2020-10-20 00:25:08','2020-12-14 06:00:32',0,0,105138,94719,108702,0,114780,0,138621,0,0,102222),(32,32,0,0,0,0,0,0,0,0,0,0,0,0,0,0,0,0,0,0,0,142116,0,0,0,0,0,0,'2020-10-20 00:25:08','2021-01-14 05:27:25',108300,0,0,0,0,0,117366,0,0,0,0,0),(33,33,0,0,0,87130,0,0,0,0,0,95997,0,0,158289,0,0,0,0,0,0,143286,0,0,0,0,92385,0,'2020-10-20 00:25:08','2020-10-20 00:37:50',0,0,0,0,0,0,0,0,0,0,0,0),(34,34,0,88810,108708,0,0,111459,104661,85846,0,0,0,0,128518,0,0,0,119796,124542,0,146460,143253,125493,100666,0,0,0,'2020-10-20 00:25:08','2021-02-01 06:00:44',0,88497,0,98419,111798,119010,118590,127651,143919,105898,92065,106089),(35,35,105474,0,105849,85705,0,106533,102165,83776,0,95028,0,110181,123424,0,115500,0,117132,118893,118314,0,139177,121822,0,96367,0,89322,'2020-11-02 06:45:56','2021-02-01 06:00:50',105198,0,0,0,113307,124939,0,119686,140329,0,0,103107),(36,36,0,0,109359,0,0,111036,105934,86014,97492,100863,110908,0,129928,0,119406,0,0,122415,0,0,0,124671,0,0,0,94036,'2020-11-02 06:45:56','2020-12-08 16:44:34',0,0,0,0,0,0,117294,0,142572,0,0,107847),(37,37,106419,0,105082,84391,0,107880,103158,0,0,95349,113145,108873,0,0,116515,0,117096,121029,120310,0,140109,124297,0,99781,90108,89131,'2020-11-04 22:18:43','2021-02-01 06:00:53',106938,0,0,0,111012,0,0,120540,0,103746,0,0),(38,38,0,0,105439,0,0,0,0,0,0,95655,0,0,0,0,116796,0,0,0,120834,0,140430,0,0,0,0,0,'2020-11-04 22:25:47','2020-11-04 22:25:47',0,0,0,0,0,0,0,0,0,0,0,0),(39,39,108517,86061,107631,87903,109227,108859,105547,86332,0,97735,0,113467,127645,0,118161,0,121797,120921,123513,0,143527,125491,98664,99588,0,96342,'2020-11-12 11:29:37','2021-01-25 06:00:45',0,86503,0,96546,0,0,117469,0,141957,0,0,105793),(40,40,0,85837,0,88483,107193,107521,104433,84826,0,0,0,110740,125944,0,118278,0,0,0,123679,0,142878,130684,0,97444,0,90997,'2020-11-12 11:34:31','2021-01-31 19:12:24',0,86484,0,0,0,126612,116767,122853,0,98868,0,106329),(41,41,0,84898,0,0,0,0,101557,83244,0,0,0,111345,122517,0,120421,0,0,118617,119884,0,140391,121833,0,0,0,0,'2020-11-12 11:36:14','2021-02-01 06:01:00',105000,89103,105438,95047,109218,115194,114999,119139,138387,103269,89046,102231),(42,42,0,0,0,0,0,0,102372,84021,0,0,0,0,0,0,116061,0,0,118479,0,0,0,0,0,0,0,0,'2020-11-12 11:36:14','2021-02-01 06:01:01',0,0,0,94515,0,0,0,0,139404,0,0,104055),(43,43,0,0,0,0,0,0,0,0,0,0,0,0,0,0,116412,0,0,118428,0,0,0,0,0,0,0,0,'2020-11-12 11:36:14','2020-12-08 16:08:16',0,0,0,96369,0,0,0,0,140136,0,0,0),(44,44,0,0,105964,84298,0,104301,101571,0,0,0,0,108750,0,0,116205,0,0,0,119718,141078,138663,131739,0,0,0,89557,'2020-11-12 11:36:14','2020-12-08 16:08:16',0,0,0,0,0,0,0,0,0,0,0,0),(45,45,0,0,0,0,0,0,0,0,0,0,0,0,0,0,116778,0,0,0,0,0,0,0,0,0,0,0,'2020-11-12 11:36:14','2020-11-13 09:20:53',0,0,0,0,0,0,0,0,0,0,0,0),(46,46,0,0,0,0,0,0,0,84100,0,0,0,110823,0,0,116530,0,0,0,0,142209,0,122463,0,0,0,0,'2020-11-12 11:36:14','2021-02-01 06:01:04',0,85479,0,0,109995,0,116010,0,141606,0,0,0),(47,47,107451,0,107971,88093,0,0,0,0,0,96867,0,0,0,119190,118764,0,0,120019,120994,0,0,123633,0,0,0,0,'2020-11-12 11:36:14','2020-12-08 16:08:18',0,0,0,96237,0,0,0,0,0,0,0,0),(48,48,0,0,0,0,0,0,104766,0,0,0,0,0,0,0,117861,0,0,121449,0,0,0,124089,0,0,0,0,'2020-11-12 11:36:14','2020-12-21 06:00:44',0,86907,106068,0,0,0,116763,0,0,0,0,103449),(49,49,0,0,0,0,0,0,104733,0,0,0,0,0,0,0,118878,0,0,0,121620,0,0,122304,0,0,0,0,'2020-11-12 11:36:14','2020-12-28 06:00:48',0,87010,106632,0,0,0,117778,0,0,0,0,105123),(50,50,0,0,0,0,0,0,0,0,0,0,0,0,0,0,120105,0,0,0,0,0,0,0,0,0,0,0,'2020-11-12 11:36:14','2020-11-13 09:21:07',0,0,0,0,0,0,0,0,0,0,0,0),(51,51,0,0,0,85048,0,106461,0,0,0,0,0,108778,0,0,0,0,0,119790,0,0,142077,0,0,96904,0,89338,'2020-11-13 23:45:12','2020-12-08 16:08:19',0,0,0,95913,0,0,0,0,142860,0,0,0),(52,52,0,0,0,86755,0,107391,0,0,0,0,0,111570,0,0,0,0,0,122130,123405,0,0,0,0,99657,0,92332,'2020-11-14 19:28:21','2020-12-08 16:44:41',0,0,0,98295,0,0,0,0,144489,0,0,0),(53,53,0,0,0,0,111672,0,0,0,0,0,0,0,0,0,0,0,0,127977,0,0,0,0,0,0,0,0,'2020-11-14 19:36:06','2020-12-28 06:00:50',0,0,115695,0,0,0,0,0,150342,0,0,0),(54,54,113712,85491,107268,85945,0,107130,104481,84057,0,97071,0,111345,130110,0,0,0,117792,120414,122661,0,142476,124329,0,98533,0,91897,'2020-11-14 19:41:14','2021-02-01 06:01:10',106141,0,0,96648,110620,125340,0,121180,0,0,0,106162),(55,55,0,0,0,0,0,0,107568,88257,0,0,0,0,0,0,0,0,0,124185,0,0,0,126570,0,0,0,0,'2020-11-14 19:48:42','2021-02-01 06:01:11',0,87543,0,100584,112410,0,120981,0,147588,0,95353,107691),(56,56,0,0,105114,84603,0,0,0,0,0,95029,111657,0,0,0,117643,0,0,118764,0,0,139797,0,0,96717,0,0,'2020-11-14 19:51:07','2021-02-01 06:01:12',106014,0,0,95331,0,0,115392,0,141114,0,0,103431),(57,57,0,0,0,0,0,0,0,0,0,0,0,0,0,0,121362,0,0,120519,0,0,146934,0,0,0,0,0,'2020-11-16 01:15:40','2021-01-18 06:00:55',111043,0,0,0,0,117678,0,122382,0,0,0,104266),(58,58,0,0,0,0,0,0,104179,0,0,0,0,0,0,0,117141,0,0,0,122010,0,141939,0,0,0,0,0,'2020-11-23 15:36:44','2021-01-18 06:00:55',107520,87130,106929,108252,0,0,0,0,151888,0,0,0),(59,59,0,0,0,0,0,0,0,0,0,0,0,0,0,0,0,0,0,0,0,0,0,130062,0,0,0,0,'2020-11-25 14:32:19','2021-01-14 05:27:50',111003,0,0,0,110607,0,0,123627,0,0,90696,106992),(60,60,0,84825,105573,0,0,0,103612,0,0,96141,0,0,0,0,117334,0,0,0,120454,0,140005,124527,0,0,0,0,'2020-11-26 05:22:04','2020-12-14 06:00:49',0,86959,0,0,0,0,0,0,0,0,0,0),(61,61,0,0,0,0,0,0,106195,86151,0,0,0,0,129721,0,0,0,0,0,0,0,0,127269,0,0,0,0,'2020-11-28 14:31:31','2021-02-01 06:01:19',110544,90402,0,99424,0,118668,122664,123822,151788,101785,0,110379),(62,62,0,0,0,0,0,0,0,0,96177,0,108927,0,124323,0,0,0,0,0,0,0,0,0,0,98028,0,0,'2020-11-28 14:37:22','2020-12-08 16:44:46',0,0,0,0,0,0,0,0,0,96550,0,0),(63,63,0,0,0,0,0,0,0,0,0,0,0,0,0,0,122034,0,122121,0,0,0,0,0,0,0,0,0,'2020-11-28 16:46:39','2020-12-08 16:08:24',0,0,0,0,0,0,0,0,148482,0,0,0),(64,64,0,0,0,0,0,0,0,0,0,0,0,0,0,0,0,0,0,0,0,0,0,0,0,0,0,0,'2020-11-28 16:48:08','2020-11-28 16:48:08',0,0,0,0,0,0,0,0,0,0,0,0),(65,65,0,0,0,0,0,0,104523,84669,0,0,0,0,0,0,0,0,0,0,0,0,0,125388,0,0,0,0,'2020-12-04 08:20:39','2021-02-01 06:01:21',0,87396,0,0,111582,0,0,0,142935,0,0,0),(66,66,0,0,0,0,0,0,103539,0,0,0,0,0,0,0,0,0,0,0,120555,141246,0,125499,0,103671,0,0,'2020-12-07 01:13:27','2020-12-08 16:08:25',0,0,0,0,0,0,115665,0,0,0,0,0),(67,67,0,0,0,0,0,0,102756,83271,0,0,0,0,0,0,0,0,0,0,0,0,0,122361,0,0,0,0,'2020-12-12 21:49:33','2021-02-01 06:01:23',105810,0,107251,95586,0,0,0,0,0,0,90702,103353),(68,68,0,0,0,0,0,0,0,0,0,0,0,0,0,0,0,0,0,0,0,0,0,0,0,0,0,0,'2020-12-12 21:54:19','2020-12-14 01:09:46',0,0,0,0,0,0,0,0,0,0,0,104088),(69,69,0,0,0,0,0,0,0,0,0,0,0,0,0,0,0,0,0,0,0,0,0,0,0,0,0,0,'2020-12-13 21:07:13','2020-12-28 06:01:01',0,0,0,0,109368,0,0,0,0,0,0,102991),(70,70,0,0,0,0,0,0,104260,84549,0,0,0,111057,0,0,0,0,0,0,0,0,0,0,0,0,0,91143,'2020-12-14 01:09:44','2020-12-14 01:09:47',0,0,0,0,0,0,0,0,0,0,0,103842),(71,71,0,0,0,0,0,0,0,0,0,0,0,0,123744,0,0,0,0,0,0,0,0,0,0,0,0,0,'2020-12-25 08:36:08','2021-02-01 06:01:25',0,0,0,94464,108498,115755,0,119754,141024,100282,0,103605),(72,72,105762,85407,106719,85731,0,106251,103206,84502,0,97620,111423,109926,124410,0,118134,0,120159,0,121044,0,142048,122694,0,98073,0,90643,'2020-12-25 09:22:51','2021-02-01 06:01:27',105846,84915,0,0,110841,123699,116335,119965,139594,104421,0,104253),(73,73,0,0,0,0,0,0,112863,88602,0,0,0,0,0,0,0,0,0,0,126525,0,0,127506,0,0,0,0,'2021-01-10 09:31:09','2021-02-01 06:01:28',0,89775,0,99657,0,0,0,0,149349,0,0,108396),(74,74,0,0,0,0,0,0,104544,87316,0,0,0,0,0,0,0,0,0,0,0,0,0,126891,0,0,0,0,'2021-01-11 00:35:16','2021-02-01 06:01:29',0,0,0,101241,0,0,0,0,0,0,93945,0),(75,75,0,0,0,0,0,0,0,0,0,0,0,0,0,0,0,0,0,0,0,0,0,0,0,0,0,0,'2021-01-13 15:44:06','2021-01-13 15:44:07',0,86709,0,0,0,0,0,0,0,0,90696,0),(76,76,0,0,0,0,0,0,104838,86721,0,0,0,0,0,0,0,0,0,0,0,0,0,126543,0,0,0,0,'2021-01-15 08:33:24','2021-02-01 06:01:30',0,0,0,0,0,0,0,122740,144735,0,0,106167),(77,77,0,0,0,0,0,0,0,0,0,0,0,0,0,0,0,0,0,0,0,0,0,0,0,0,0,0,'2021-01-17 18:22:49','2021-01-17 18:22:49',0,86383,0,0,0,0,0,0,0,0,0,0),(78,78,0,0,0,0,0,0,0,0,0,0,0,0,0,0,0,0,0,0,0,0,0,0,0,0,0,0,'2021-01-17 20:05:22','2021-01-17 20:05:22',0,0,0,0,0,0,0,0,0,0,0,0),(79,79,0,0,0,0,0,0,0,88677,0,0,0,0,0,0,0,0,0,0,0,0,0,0,0,0,0,0,'2021-02-04 20:51:18','2021-02-04 20:51:19',0,0,0,0,113463,120708,121998,0,0,0,95997,0);
/*!40000 ALTER TABLE `driver_scores` ENABLE KEYS */;
UNLOCK TABLES;

--
-- Table structure for table `drivers`
--

DROP TABLE IF EXISTS `drivers`;
/*!40101 SET @saved_cs_client     = @@character_set_client */;
/*!50503 SET character_set_client = utf8mb4 */;
CREATE TABLE `drivers` (
  `id` bigint unsigned NOT NULL AUTO_INCREMENT,
  `sgp_id` varchar(255) CHARACTER SET utf8mb4 COLLATE utf8mb4_unicode_ci NOT NULL,
  `driver_name` varchar(255) CHARACTER SET utf8mb4 COLLATE utf8mb4_unicode_ci NOT NULL,
  `created_at` timestamp NULL DEFAULT NULL,
  `updated_at` timestamp NULL DEFAULT NULL,
  `driver_score` int NOT NULL DEFAULT '0',
  `number` smallint DEFAULT NULL,
  `discord_user_id` varchar(255) COLLATE utf8mb4_unicode_ci DEFAULT NULL,
  `discord_private_channel_id` varchar(255) COLLATE utf8mb4_unicode_ci DEFAULT NULL,
  `steam_id` varchar(255) COLLATE utf8mb4_unicode_ci DEFAULT NULL,
  PRIMARY KEY (`id`)
) ENGINE=InnoDB AUTO_INCREMENT=80 DEFAULT CHARSET=utf8mb4 COLLATE=utf8mb4_unicode_ci;
/*!40101 SET character_set_client = @saved_cs_client */;

--
-- Dumping data for table `drivers`
--

LOCK TABLES `drivers` WRITE;
/*!40000 ALTER TABLE `drivers` DISABLE KEYS */;
INSERT INTO `drivers` VALUES (1,'QEau6D9p27CRYNEFqFVj1','Nick Kohout','2020-10-14 16:13:49','2020-12-21 06:00:03',2090,50,'568833201187848206','781388629842722827',NULL),(2,'M7_GpZptTXBAq6m61Y7fy','Nicolas Alvarado (old)','2020-10-14 16:13:49','2020-11-26 05:03:49',2608,NULL,NULL,NULL,NULL),(3,'RE4f1uWmzMjHQuJgYKcNZ','Justin Sylvestal','2020-10-14 16:13:49','2021-01-18 06:00:06',3558,27,'462367035134050326','781384584025210891',NULL),(4,'IkSyvqJMujlYo4y7x5K4-','Matthew Lehman','2020-10-14 16:13:49','2020-10-16 23:30:09',3833,NULL,NULL,NULL,NULL),(5,'EnrARctCPqyuGPmbpx6iw','Fares Saidi','2020-10-14 16:13:49','2021-01-28 23:50:43',2190,41,'118382079946915848','781383487768494121','76561198015041378'),(6,'zI6-W2gvEah7vaomuI1Ha','Paul Cantea','2020-10-14 16:13:49','2021-02-01 06:00:12',2785,77,'189163987122782208','781388742694535188',NULL),(7,'MzpNCwkyLsnbntZ7iVBKG','Dylan Beveridge','2020-10-14 16:13:49','2021-02-01 06:00:13',2975,121,'441807789082411009','781391897461391370',NULL),(8,'JlCSzGfhTbQyL8Jf0ZPyI','Bryan Curzon','2020-10-14 16:13:49','2021-02-01 06:00:14',3552,662,'182649179527446528','781389354455007252',NULL),(9,'EbvB6m75J2Ex_by1oiMlX','Dylan Sauer','2020-10-14 16:13:49','2021-01-13 00:04:51',2645,42,'350483459963355149','781389416349302794',NULL),(10,'SXs33IH-ZDSa6A2hUzKU_','Dale Carter','2020-10-14 16:13:49','2020-12-28 06:00:14',3387,832,'324060102770556933','781125210970783754',NULL),(11,'HrWNcXUylQ8tlB0pSBCvx','Joe Server','2020-10-14 16:13:49','2020-12-21 06:00:15',3199,768,'416581941966667776','781382889157296169',NULL),(12,'8JiC6hVhT_3R1001bMfSR','Paul  Miles','2020-10-14 16:13:49','2021-01-14 01:40:51',3565,81,'625041075660390420','781383992250597376',NULL),(13,'dghEaW-Dl5tIA3X9kItOs','Brendan McVeigh','2020-10-14 16:13:49','2021-02-01 06:00:21',2652,16,'199913901171802114','781381662226776074',NULL),(14,'4NxE5DybDW9TnCVMec3X-','Max Diggs','2020-10-14 16:13:49','2021-01-22 09:24:43',2233,156,'733606173512826952','781388566705602571','76561199060741471'),(15,'45d3h9ZKaJ06UEvKLUKK5','Peter Samoluk','2020-10-14 16:13:49','2020-11-26 05:27:48',3850,NULL,'532275047285653534','781390735361966110',NULL),(16,'G-F27cr_AFkjyzOIs95i-','Hans Woestenborg','2020-10-14 16:13:49','2021-02-01 06:00:25',4195,64,'723731577867075584','781389822014521354',NULL),(17,'2YoNDmQ3jpXqw1KBA7qxp','Peter Bustraan','2020-10-14 16:13:49','2020-11-30 06:34:18',5266,86,'190918589362995201','781388222709760050',NULL),(18,'hCSmSScw9IjH-r05-g5xZ','Chris Turner','2020-10-14 16:13:49','2020-12-28 06:00:22',3230,9,'163772900657070080','781142040590680074',NULL),(19,'3uNn9-Mg9y8YUpI5P_ci5','Bjorn Durand','2020-10-14 16:13:49','2020-11-26 05:27:17',6069,NULL,'210854194867994624','781390603162222615',NULL),(20,'_OPElp4KA9duRverIBVPC','Ruben Pagan','2020-10-14 16:13:49','2020-10-14 16:13:49',0,NULL,NULL,NULL,NULL),(21,'5lBZVf7xzuk-MwX8MH6oh','Aaron Fernandes','2020-10-14 16:13:49','2020-10-16 14:48:24',6454,NULL,NULL,NULL,NULL),(22,'zJ3ZUXeHA-tvrPL6MPmfy','Gary Allen','2020-10-14 16:13:49','2021-02-01 06:00:31',3938,66,'700733198421721139','781381873267376138',NULL),(23,'iwJwQhXyimeIiUue9H8n0','Keith Griffall','2020-10-14 16:13:49','2021-02-01 06:00:33',3255,88,'309796959533793280','781389213404758026','76561198060675015'),(24,'a8UvLgFtp0ln93AtVuTsL','Mike Dougherty','2020-10-14 16:13:49','2021-02-01 06:00:34',3175,112,'549076264753954857','781384689993777162',NULL),(25,'_2R5JyPi9awzblVGI9Ll7','Scott Chin','2020-10-14 16:13:49','2021-01-25 06:00:26',6883,55,'602214126437007382','781389936540516363',NULL),(26,'QoGO0CL9f0cPl2ZYvGFFR','Erik Groome','2020-10-14 16:13:50','2020-12-21 06:00:26',1808,97,'233441386983063552','781385017631703061',NULL),(27,'UhkVPacusSVXwf_fBxVcO','Thiago Alves','2020-10-14 16:13:50','2021-01-25 06:00:28',3624,12,'475401117761667133','781385133511933993',NULL),(28,'58-jHfBT08QHLpRvt11BQ','bruno belny','2020-10-14 16:13:50','2020-12-08 16:08:08',3757,717,'480188939966218241','781385225506521098',NULL),(29,'znqlm3Qp_8ego3glQyYpF','Raymond RIEUX','2020-10-14 16:13:51','2020-11-02 06:46:33',4622,NULL,NULL,NULL,NULL),(30,'9oUgq8JORMf6rr1qEwI8Q','David Wirch','2020-10-14 16:13:51','2021-02-01 06:00:41',5290,54,'303633725382721536','781390277306482728','76561197972430972'),(31,'kpZQoQgHZYdAjc8mCsGeO','Carl Bigg','2020-10-14 16:13:51','2020-12-14 06:00:32',2048,8,'304118448957554688','781167646279598110',NULL),(32,'FPaPEiHHIxb5rT8bL8F2Z','Graham Ritter','2020-10-14 16:13:51','2021-01-14 05:27:25',5394,NULL,NULL,NULL,NULL),(33,'4B4ElQBlxfR52Dy8jJNj9','Alex Raskin','2020-10-14 16:13:51','2020-10-16 23:45:35',5162,NULL,NULL,NULL,NULL),(34,'JMwH5i6a1qrvxSMdreMku','Bruce Hopkins','2020-10-14 16:13:51','2021-02-01 06:00:44',5104,60,'424388598666625024','781389753907413053',NULL),(35,'RXveOcRFWUOQDuAGrIQQ9','Ben Keough','2020-10-31 22:01:18','2020-11-26 05:24:22',1951,NULL,'538798247834157076','781389865010593842',NULL),(36,'rsMjVIVxmxbrrZtpPHddF','eric blumenkrantz','2020-10-31 22:01:18','2020-12-08 16:44:34',4916,99,'629123251250921490','781389488135471124',NULL),(37,'75d083a9-66b3-4226-bce4-dd986ecf6955','Steve Worrell','2020-11-04 22:18:43','2020-11-04 22:18:44',2237,NULL,NULL,NULL,NULL),(38,'fLDXtKdErufjsU3TGeGEZ','Kuno Yang','2020-11-04 22:25:47','2020-11-04 22:25:47',3610,NULL,NULL,NULL,NULL),(39,'LVAs4lZLX29KmxTKD_oba','Ethan Spitz','2020-11-12 11:29:37','2020-12-14 06:00:38',4148,418,'143554541491716096','781384893573758987',NULL),(40,'DVzhPBgx0_vPaMQfcPp3c','Michael Luecke','2020-11-12 11:34:31','2021-01-31 19:12:24',3504,136,'220963765754003457','781384809603661847','76561197962712702'),(41,'xA61OkBfnKSMqW9oR1Cur','Nicolas Alvarado','2020-11-12 11:36:14','2021-01-29 21:57:17',1797,420,'256892019031539712','781384950607249440','76561199101793378'),(42,'x2tNijVI6WlEkEZ2VTurB','Colin Mcleod','2020-11-12 11:36:14','2021-02-01 06:01:01',2660,91,'232869820897427457','781383787157782558',NULL),(43,'LfmtbD_zGyE4G5U9qsXW4','Vash Konnor','2020-11-12 11:36:14','2020-12-08 16:08:16',3436,27,'191581519012167680','781384282429063190',NULL),(44,'q64tJ79W3_uJK0XRx_VeN','Rob Bown','2020-11-12 11:36:14','2020-12-08 16:08:16',2059,NULL,'255764705295990784','781391206440894465',NULL),(45,'LM22tm3Rk-zouQe-gRKX6','Luke Francis','2020-11-12 11:36:14','2020-11-26 05:35:46',0,NULL,'545665974473457684','781392736027672597',NULL),(46,'UID6zmNKP608SMfoecmmH','Thomas Atkins','2020-11-12 11:36:14','2021-02-01 06:01:04',3442,72,'346990729102360587','782289867030921246',NULL),(47,'dJdmjh4QD0DuS7EqF9GMQ','Kevin Braun','2020-11-12 11:36:14','2020-12-08 16:08:18',4350,413,'143912495319482368','781389581592952832',NULL),(48,'SRDiATUB1Sgp71S6ZX7Qd','Peter Hueck','2020-11-12 11:36:14','2020-12-14 06:00:42',4352,60,'413072163042623488','787254353597693952',NULL),(49,'o8ebg22KhPCb190M7Sact','Chris Davies','2020-11-12 11:36:14','2020-12-28 06:00:48',4648,111,'754614927171256461','781393886651744286',NULL),(50,'Zd0cdICEoOyMhJGXqB-Ud','Austin Capewell','2020-11-12 11:36:14','2020-11-26 05:39:48',0,NULL,'654078660269309962','781393752467308594',NULL),(51,'ndmjqW0_3XEGM3POpxXUb','Joseph Savage','2020-11-13 23:45:12','2020-12-08 16:08:19',2566,89,'287028572592275456','781393577715826719',NULL),(52,'aeRV27w00eSgyTluWFCW9','Ryan Cody','2020-11-14 19:28:21','2020-11-26 05:31:25',5091,20,'238086871626809346','781391642519011338',NULL),(53,'SZmvkvdCTxuICC8nbuc69','Andrew Small','2020-11-14 19:36:06','2020-11-26 04:58:52',0,24,'129418390895853568','781383452930080778',NULL),(54,'uGf3AFkdKYp-0IQbfpdbX','Daniel Bradford','2020-11-14 19:41:14','2021-02-01 06:01:10',3593,669,'434973157569462274','781391350662823953',NULL),(55,'IYvPMRn5P3-VgWFYemJSd','Christopher Cox','2020-11-14 19:48:42','2021-02-01 06:01:11',6858,6,'597869831450263562','781391535148105759',NULL),(56,'MYHUZppr9-RnNq9YdxjlC','John Jorgensen','2020-11-14 19:51:07','2020-12-08 16:08:22',2411,64,'317149896236990465','781391697870323762',NULL),(57,'XJtQtqIWsJhZxq4Q1HgD6','Daniel Lee','2020-11-16 01:15:40','2021-01-18 06:00:55',5637,707,NULL,NULL,NULL),(58,'vlthEk8PeRRUMILndA0qe','Mike Wyatt','2020-11-23 15:36:44','2021-01-04 06:00:51',4918,947,'372131441863294976','784120037148721193',NULL),(59,'nR8qNFfMR3z2QxASmBCir','Rob Bedford','2020-11-25 14:32:19','2021-01-14 05:27:50',5895,13,'167013411652108288','781140730214088724',NULL),(60,'5ABF9OzaAByPfDVFPZeXv','Kivan Tan','2020-11-26 05:22:04','2020-11-26 05:22:17',3199,NULL,'543722120312520714','781389345525202944',NULL),(61,'M1n7pyqLQ9UdbleJIymrg','Ge Gray','2020-11-28 14:31:31','2021-02-01 06:01:19',6474,41,'699402930263949332','782289747841384468',NULL),(62,'W3YFrWnlL-j0mfavWH7Q4','John Wieczorek ','2020-11-28 14:37:22','2020-12-08 16:44:46',3281,NULL,NULL,NULL,NULL),(63,'PBtzklChCiIEX6SG-T818','Yver Stephane ','2020-11-28 16:46:39','2020-11-28 16:46:40',0,NULL,NULL,NULL,NULL),(64,'GwABiBHhZlGEzaSOOUvdt','Ernest Reginald Dela Cruz','2020-11-28 16:48:08','2020-11-28 16:59:50',0,NULL,'327668947761627136','782289665248067645',NULL),(65,'Pk4uMmWQtXJtoYpbnlOvt','Bryan Yang','2020-12-04 08:20:39','2021-02-01 06:01:21',5083,23,'196491411061735424','784333132170133514',NULL),(66,'3i89ZBTOmOJod73-VouP_','Fernando Silva','2020-12-07 01:13:27','2020-12-08 16:08:25',4562,NULL,NULL,NULL,NULL),(67,'MyIrYjnztqwVXQFe0SjQz','Mike Jackson','2020-12-12 21:49:33','2021-02-01 06:01:23',3077,63,'746777323394826240','787436105904554004',NULL),(68,'1csUDxB33MnrQVFLux5ch','josh herrin','2020-12-12 21:54:19','2020-12-13 00:01:36',0,696,'704358038114533406','787437294805450792',NULL),(69,'wSfGygwT5x9UE6VFA0lHw','Felipe Sikansi','2020-12-13 21:07:13','2020-12-13 22:50:28',0,30,'331612020350779402','787787911558725632',NULL),(70,'dISGDZLofscWbHhyY0-bE','Rue Fernandes','2020-12-14 01:09:44','2020-12-14 01:09:47',4142,NULL,NULL,NULL,NULL),(71,'Xt9GLJ_tTvELCOBcDpvoM','Saul Boucher','2020-12-25 08:36:08','2021-02-01 06:01:25',2815,NULL,'243567022426947585','791947459977805826',NULL),(72,'loPH9yPzt92iel7tTiYcK','Dan Terry','2020-12-25 09:22:51','2021-02-01 06:01:27',2900,240,'167210285688553472','791959196350283777',NULL),(73,'4S7vKzJgX2gGIsEdtD-x1','Philip Menzies','2021-01-10 09:31:09','2021-02-01 06:01:28',8087,197,'150708762456489984','797779592345288744',NULL),(74,'xNlnr7valKoEuuJwcpcc5','David Miller','2021-01-11 00:35:16','2021-02-01 06:01:29',7099,603,'695729364800766025','797987080977383453','3dinfluence'),(75,'eWdAFu83gh1NHWWLO2Dv5','Terry Farish','2021-01-13 15:44:06','2021-01-13 15:44:40',0,4,'220258950031867916','798188865969979393',NULL),(76,'LLzz1WTpPP_DH0GRmvhKS','Raz Shaw','2021-01-15 08:33:24','2021-02-01 06:01:30',6242,404,'660117530181894164','799556911883747369',NULL),(77,'qM_fPMcSdv3YW6koLEQhX','Stephen DeRouen','2021-01-17 18:22:49','2021-01-21 04:31:49',0,10,'427655041072103435','800430069071085608','yammahamma10'),(78,'vD1dBl894G7Z2-l3JeiPG','José Mario Geloramo','2021-01-17 20:05:22','2021-01-17 20:05:44',0,NULL,'131145897831563265','800455841735376906',NULL),(79,'C1IEyBeeKI0YDDx5HorwW','Jean Salas','2021-02-04 20:51:18','2021-02-04 21:32:24',8098,19,NULL,NULL,NULL);
/*!40000 ALTER TABLE `drivers` ENABLE KEYS */;
UNLOCK TABLES;

--
-- Table structure for table `event_entries`
--

DROP TABLE IF EXISTS `event_entries`;
/*!40101 SET @saved_cs_client     = @@character_set_client */;
/*!50503 SET character_set_client = utf8mb4 */;
CREATE TABLE `event_entries` (
  `id` bigint unsigned NOT NULL AUTO_INCREMENT,
  `driver_id` bigint unsigned DEFAULT NULL,
  `event_id` bigint unsigned NOT NULL,
  `position` tinyint NOT NULL,
  `laps` smallint NOT NULL,
  `quali_time` bigint NOT NULL,
  `total_time` bigint NOT NULL,
  `best_lap` bigint NOT NULL,
  `race_number` smallint NOT NULL DEFAULT '1',
  `penalty_points` smallint DEFAULT NULL,
  `best_lap_points` smallint DEFAULT NULL,
  `top_quali_points` smallint DEFAULT NULL,
  `points` smallint DEFAULT NULL,
  `final_points` smallint DEFAULT NULL,
  `created_at` timestamp NULL DEFAULT NULL,
  `updated_at` timestamp NULL DEFAULT NULL,
  `split` varchar(255) COLLATE utf8mb4_unicode_ci DEFAULT NULL,
  PRIMARY KEY (`id`),
  KEY `event_entries_event_id_foreign` (`event_id`),
  CONSTRAINT `event_entries_event_id_foreign` FOREIGN KEY (`event_id`) REFERENCES `events` (`id`) ON DELETE CASCADE
) ENGINE=InnoDB AUTO_INCREMENT=445 DEFAULT CHARSET=utf8mb4 COLLATE=utf8mb4_unicode_ci;
/*!40101 SET character_set_client = @saved_cs_client */;

--
-- Dumping data for table `event_entries`
--

LOCK TABLES `event_entries` WRITE;
/*!40000 ALTER TABLE `event_entries` DISABLE KEYS */;
INSERT INTO `event_entries` VALUES (1,1,1,1,31,116325,3691008,115812,1,0,2,2,25,29,'2020-10-14 16:13:49','2020-10-15 13:33:32',NULL),(2,2,1,2,31,116604,3715092,116715,1,0,0,0,24,24,'2020-10-14 16:13:49','2020-10-15 13:33:33',NULL),(3,3,1,3,31,116397,3718078,116178,1,2,0,0,23,21,'2020-10-14 16:13:49','2020-10-15 14:11:20',NULL),(4,4,1,4,31,116949,3747892,117135,1,NULL,0,0,22,22,'2020-10-14 16:13:49','2020-10-14 16:13:49',NULL),(5,5,1,5,31,117480,3760157,117186,1,NULL,0,0,21,21,'2020-10-14 16:13:49','2020-10-14 16:13:49',NULL),(6,6,1,6,31,117822,3765717,117402,1,NULL,0,0,20,20,'2020-10-14 16:13:49','2020-10-14 16:13:49',NULL),(7,7,1,7,31,116703,3771556,116970,1,NULL,0,0,19,19,'2020-10-14 16:13:49','2020-10-14 16:13:49',NULL),(8,8,1,8,31,117018,3780094,117003,1,2,0,0,18,16,'2020-10-14 16:13:49','2020-10-15 14:11:35',NULL),(9,9,1,9,31,117768,3795487,117258,1,NULL,0,0,17,17,'2020-10-14 16:13:49','2020-10-14 16:13:49',NULL),(10,10,1,10,31,118239,3795937,118074,1,NULL,0,0,16,16,'2020-10-14 16:13:49','2020-10-14 16:13:49',NULL),(11,11,1,11,31,118533,3801418,118014,1,NULL,0,0,15,15,'2020-10-14 16:13:49','2020-10-14 16:13:49',NULL),(12,12,1,12,31,117879,3805784,118380,1,NULL,0,0,14,14,'2020-10-14 16:13:49','2020-10-14 16:13:49',NULL),(13,13,1,13,30,117537,3787839,117654,1,NULL,0,0,13,13,'2020-10-14 16:13:49','2020-10-14 16:13:49',NULL),(14,14,1,14,30,116934,3686927,117426,1,NULL,0,0,12,12,'2020-10-14 16:13:49','2020-10-14 16:13:49',NULL),(15,15,1,15,30,116985,3691766,116766,1,NULL,0,0,11,11,'2020-10-14 16:13:49','2020-10-14 16:13:49',NULL),(16,16,1,16,30,117345,3704398,117894,1,NULL,0,0,10,10,'2020-10-14 16:13:49','2020-10-14 16:13:49',NULL),(17,17,1,17,30,120132,3720743,118005,1,NULL,0,0,9,9,'2020-10-14 16:13:49','2020-10-14 16:13:49',NULL),(18,18,1,18,30,118638,3725524,118857,1,NULL,0,0,8,8,'2020-10-14 16:13:49','2020-10-14 16:13:49',NULL),(19,19,1,19,30,119898,3737314,119430,1,NULL,0,0,7,7,'2020-10-14 16:13:49','2020-10-14 16:13:49',NULL),(20,20,1,20,30,117387,3741970,117798,1,NULL,0,0,6,6,'2020-10-14 16:13:49','2020-10-14 16:13:49',NULL),(21,21,1,21,30,121149,3747333,120210,1,NULL,0,0,5,5,'2020-10-14 16:13:49','2020-10-14 16:13:49',NULL),(22,22,1,22,30,119862,3747674,119751,1,NULL,0,0,4,4,'2020-10-14 16:13:49','2020-10-14 16:13:49',NULL),(23,23,1,23,30,119622,3773854,118779,1,NULL,0,0,3,3,'2020-10-14 16:13:49','2020-10-14 16:13:49',NULL),(24,24,1,24,29,118200,3596781,117048,1,NULL,0,0,2,2,'2020-10-14 16:13:49','2020-10-14 16:13:49',NULL),(25,25,1,25,29,124728,3801514,123330,1,2,0,0,1,-1,'2020-10-14 16:13:49','2020-10-15 14:11:44',NULL),(26,1,2,1,42,83931,3633833,83874,1,NULL,2,0,25,27,'2020-10-14 16:13:50','2020-10-14 16:13:50',NULL),(27,26,2,2,42,83841,3655736,83934,1,NULL,0,0,24,24,'2020-10-14 16:13:50','2020-10-14 16:13:50',NULL),(28,7,2,3,42,84450,3664245,84324,1,NULL,0,0,23,23,'2020-10-14 16:13:50','2020-10-14 16:13:50',NULL),(29,5,2,4,42,84369,3690274,84327,1,NULL,0,0,22,22,'2020-10-14 16:13:50','2020-10-14 16:13:50',NULL),(30,4,2,5,42,84165,3695191,84624,1,NULL,0,0,21,21,'2020-10-14 16:13:50','2020-10-14 16:13:50',NULL),(31,13,2,6,42,83541,3697170,84315,1,2,0,2,20,20,'2020-10-14 16:13:50','2020-10-15 15:22:14',NULL),(32,18,2,7,42,85197,3708511,85233,1,NULL,0,0,19,19,'2020-10-14 16:13:50','2020-10-14 16:13:50',NULL),(33,6,2,8,42,84039,3713039,83952,1,NULL,0,0,18,18,'2020-10-14 16:13:50','2020-10-14 16:13:50',NULL),(34,27,2,9,41,85821,3641104,85191,1,NULL,0,0,17,17,'2020-10-14 16:13:50','2020-10-14 16:13:50',NULL),(35,14,2,10,41,84765,3667206,84960,1,NULL,0,0,16,16,'2020-10-14 16:13:50','2020-10-14 16:13:50',NULL),(36,23,2,11,41,86229,3677710,85119,1,NULL,0,0,15,15,'2020-10-14 16:13:50','2020-10-14 16:13:50',NULL),(37,10,2,12,41,85998,3680321,85728,1,NULL,0,0,14,14,'2020-10-14 16:13:50','2020-10-14 16:13:50',NULL),(38,22,2,13,41,85389,3686317,85416,1,NULL,0,0,13,13,'2020-10-14 16:13:50','2020-10-14 16:13:50',NULL),(39,8,2,14,41,84549,3686420,84327,1,2,0,0,12,10,'2020-10-14 16:13:50','2020-10-15 15:17:30',NULL),(40,11,2,15,41,85563,3711289,85836,1,NULL,0,0,11,11,'2020-10-14 16:13:50','2020-10-14 16:13:50',NULL),(41,17,2,16,40,86358,3649085,86061,1,NULL,0,0,10,10,'2020-10-14 16:13:50','2020-10-14 16:13:50',NULL),(42,19,2,17,40,85875,3649780,85962,1,NULL,0,0,9,9,'2020-10-14 16:13:50','2020-10-14 16:13:50',NULL),(43,28,2,18,40,86247,3693147,85629,1,2,0,0,8,6,'2020-10-14 16:13:50','2020-10-15 15:27:09',NULL),(44,12,2,19,40,84969,3707066,85440,1,NULL,0,0,7,7,'2020-10-14 16:13:50','2020-10-14 16:13:50',NULL),(45,21,2,20,40,86877,3707775,87210,1,NULL,0,0,6,6,'2020-10-14 16:13:50','2020-10-14 16:13:50',NULL),(46,9,2,21,39,84129,3660350,84168,1,3,0,0,5,2,'2020-10-14 16:13:50','2020-10-15 15:33:07',NULL),(47,25,2,22,33,88305,3694625,88380,1,NULL,0,0,4,4,'2020-10-14 16:13:50','2020-10-14 16:13:50',NULL),(48,2,3,1,39,89985,3635227,90246,1,NULL,0,2,25,27,'2020-10-14 16:13:51','2020-10-14 16:13:51',NULL),(49,14,3,2,39,90660,3649824,90909,1,NULL,0,0,24,24,'2020-10-14 16:13:51','2020-10-14 16:13:51',NULL),(50,11,3,3,39,90774,3650651,90603,1,NULL,0,0,23,23,'2020-10-14 16:13:51','2020-10-14 16:13:51',NULL),(51,18,3,4,39,90693,3658508,90381,1,NULL,0,0,22,22,'2020-10-14 16:13:51','2020-10-14 16:13:51',NULL),(52,6,3,5,39,90126,3675913,90303,1,NULL,0,0,21,21,'2020-10-14 16:13:51','2020-10-14 16:13:51',NULL),(53,9,3,6,39,90972,3676855,90000,1,NULL,2,0,20,22,'2020-10-14 16:13:51','2020-10-14 16:13:51',NULL),(54,26,3,7,39,90555,3677897,90339,1,2,0,0,19,17,'2020-10-14 16:13:51','2020-10-15 16:24:49',NULL),(55,27,3,8,39,91395,3689723,91230,1,NULL,0,0,18,18,'2020-10-14 16:13:51','2020-10-14 16:13:51',NULL),(56,29,3,9,39,91278,3700256,91176,1,9,0,0,17,8,'2020-10-14 16:13:51','2020-10-15 16:32:34',NULL),(57,13,3,10,39,90783,3726656,90924,1,NULL,0,0,16,16,'2020-10-14 16:13:51','2020-10-14 16:13:51',NULL),(58,12,3,11,39,91893,3730512,91773,1,NULL,0,0,15,15,'2020-10-14 16:13:51','2020-10-14 16:13:51',NULL),(59,23,3,12,38,92091,3637550,91341,1,2,0,0,14,12,'2020-10-14 16:13:51','2020-10-15 16:14:09',NULL),(60,5,3,13,38,90918,3657727,90804,1,NULL,0,0,13,13,'2020-10-14 16:13:51','2020-10-14 16:13:51',NULL),(61,8,3,14,38,90909,3665224,91419,1,NULL,0,0,12,12,'2020-10-14 16:13:51','2020-10-14 16:13:51',NULL),(62,10,3,15,38,92022,3701332,91224,1,NULL,0,0,11,11,'2020-10-14 16:13:51','2020-10-14 16:13:51',NULL),(63,30,3,16,38,92781,3716986,93375,1,NULL,0,0,10,10,'2020-10-14 16:13:51','2020-10-14 16:13:51',NULL),(64,7,3,17,37,90837,3735642,90831,1,8,0,0,9,1,'2020-10-14 16:13:51','2020-10-15 16:21:02',NULL),(65,25,3,18,37,94986,3663864,94137,1,NULL,0,0,8,8,'2020-10-14 16:13:51','2020-10-14 16:13:51',NULL),(66,19,3,19,37,93930,3722457,93012,1,2,0,0,7,5,'2020-10-14 16:13:51','2020-10-15 16:15:44',NULL),(67,31,4,1,26,138885,3728455,139329,1,NULL,2,2,25,29,'2020-10-14 16:13:51','2020-10-14 16:13:52',NULL),(68,10,4,2,26,139890,3775328,140406,1,NULL,0,0,24,24,'2020-10-14 16:13:51','2020-10-14 16:13:52',NULL),(69,9,4,3,26,141054,3776144,140163,1,NULL,0,0,23,23,'2020-10-14 16:13:51','2020-10-14 16:13:52',NULL),(70,1,4,4,26,140175,3782240,140511,1,NULL,0,0,22,22,'2020-10-14 16:13:51','2020-10-14 16:13:52',NULL),(71,5,4,5,26,141219,3793455,141132,1,NULL,0,0,21,21,'2020-10-14 16:13:51','2020-10-14 16:13:52',NULL),(72,27,4,6,26,140718,3806758,141063,1,NULL,0,0,20,20,'2020-10-14 16:13:51','2020-10-14 16:13:52',NULL),(73,8,4,7,26,142086,3815895,141966,1,NULL,0,0,19,19,'2020-10-14 16:13:51','2020-10-14 16:13:52',NULL),(74,32,4,8,26,141768,3828303,142116,1,NULL,0,0,18,18,'2020-10-14 16:13:51','2020-10-14 16:13:52',NULL),(75,18,4,9,26,142251,3837493,141651,1,NULL,0,0,17,17,'2020-10-14 16:13:51','2020-10-14 16:13:52',NULL),(76,24,4,10,26,141159,3868372,141285,1,NULL,0,0,16,16,'2020-10-14 16:13:51','2020-10-14 16:13:52',NULL),(77,26,4,11,25,141783,3751502,141411,1,NULL,0,0,15,15,'2020-10-14 16:13:51','2020-10-14 16:13:52',NULL),(78,17,4,12,25,144510,3753596,143826,1,NULL,0,0,14,14,'2020-10-14 16:13:51','2020-10-14 16:13:52',NULL),(79,7,4,13,25,139992,3769936,140337,1,NULL,0,0,13,13,'2020-10-14 16:13:52','2020-10-14 16:13:52',NULL),(80,33,4,14,25,144363,3786199,143286,1,NULL,0,0,12,12,'2020-10-14 16:13:52','2020-10-14 16:13:52',NULL),(81,29,4,15,25,141321,3792268,142734,1,11,0,0,11,0,'2020-10-14 16:13:52','2020-10-15 16:51:58',NULL),(82,23,4,16,25,142239,3792818,143514,1,NULL,0,0,10,10,'2020-10-14 16:13:52','2020-10-14 16:13:52',NULL),(83,19,4,17,25,142956,3795557,143424,1,NULL,0,0,9,9,'2020-10-14 16:13:52','2020-10-14 16:13:52',NULL),(84,12,4,18,25,141888,3820997,144786,1,NULL,0,0,8,8,'2020-10-14 16:13:52','2020-10-14 16:13:52',NULL),(85,22,4,19,25,143445,3846701,143643,1,NULL,0,0,7,7,'2020-10-14 16:13:52','2020-10-14 16:13:52',NULL),(86,28,4,20,25,149943,3944657,141945,1,NULL,0,0,6,6,'2020-10-14 16:13:52','2020-10-14 16:13:52',NULL),(87,34,4,21,24,149913,3765196,146460,1,NULL,0,0,5,5,'2020-10-14 16:13:52','2020-10-14 16:13:52',NULL),(88,1,5,1,35,102696,3679818,102843,1,NULL,0,0,25,25,'2020-10-19 23:51:29','2020-10-19 23:51:29',NULL),(89,26,5,2,35,102576,3688997,102693,1,NULL,0,0,24,24,'2020-10-19 23:51:29','2020-10-19 23:51:29',NULL),(90,11,5,3,35,102528,3694346,102975,1,NULL,0,0,23,23,'2020-10-19 23:51:29','2020-10-19 23:51:29',NULL),(91,13,5,4,35,102954,3708973,102837,1,NULL,0,0,22,22,'2020-10-19 23:51:29','2020-10-19 23:51:29',NULL),(92,5,5,5,35,103710,3709714,103221,1,NULL,0,0,21,21,'2020-10-19 23:51:29','2020-10-19 23:51:29',NULL),(93,27,5,6,35,103236,3710963,102942,1,NULL,0,0,20,20,'2020-10-19 23:51:29','2020-10-19 23:51:29',NULL),(94,31,5,7,35,102744,3722063,102618,1,NULL,2,0,19,21,'2020-10-19 23:51:29','2020-10-19 23:51:29',NULL),(95,8,5,8,35,103554,3740056,103611,1,NULL,0,0,18,18,'2020-10-19 23:51:29','2020-10-19 23:51:29',NULL),(96,7,5,9,35,103323,3751436,102909,1,NULL,0,0,17,17,'2020-10-19 23:51:29','2020-10-19 23:51:29',NULL),(97,6,5,10,35,103005,3761460,102828,1,2,0,0,16,14,'2020-10-19 23:51:29','2020-10-23 22:59:00',NULL),(98,24,5,11,35,103860,3763022,103041,1,NULL,0,0,15,15,'2020-10-19 23:51:29','2020-10-19 23:51:29',NULL),(99,22,5,12,34,104796,3682256,104751,1,NULL,0,0,14,14,'2020-10-19 23:51:29','2020-10-19 23:51:29',NULL),(100,12,5,13,34,104745,3692871,104211,1,NULL,0,0,13,13,'2020-10-19 23:51:29','2020-10-19 23:51:29',NULL),(101,17,5,14,34,105870,3693213,104496,1,2,0,0,12,10,'2020-10-19 23:51:29','2020-10-23 22:59:13',NULL),(102,19,5,15,34,105285,3701665,104559,1,NULL,0,0,11,11,'2020-10-19 23:51:29','2020-10-19 23:51:29',NULL),(103,34,5,16,33,105942,3681412,104550,1,NULL,0,0,10,10,'2020-10-19 23:51:29','2020-10-19 23:51:29',NULL),(104,25,5,17,33,108114,3819775,106389,1,NULL,0,0,9,9,'2020-10-19 23:51:29','2020-10-19 23:51:29',NULL),(105,2,5,18,32,102465,3790746,102690,1,NULL,0,2,8,10,'2020-10-19 23:51:29','2020-10-19 23:51:29',NULL),(106,28,5,19,32,103395,3413904,103521,1,NULL,0,0,7,7,'2020-10-19 23:51:29','2020-10-19 23:51:29',NULL),(107,9,5,20,32,102993,3783370,103071,1,3,0,0,6,3,'2020-10-19 23:51:29','2020-10-23 22:58:48',NULL),(108,30,5,21,28,105948,3790455,106878,1,NULL,0,0,5,5,'2020-10-19 23:51:29','2020-10-19 23:51:29',NULL),(109,35,7,1,44,121140,5468116,121866,1,NULL,0,0,25,25,'2020-10-31 22:03:39','2020-10-31 22:03:39',NULL),(110,31,7,2,44,120768,5481909,121764,1,NULL,2,2,24,28,'2020-10-31 22:03:39','2020-10-31 22:03:39',NULL),(111,1,7,3,44,122109,5494884,122190,1,NULL,0,0,23,23,'2020-10-31 22:03:39','2020-10-31 22:03:39',NULL),(112,5,7,4,44,121803,5496144,122202,1,NULL,0,0,22,22,'2020-10-31 22:03:39','2020-10-31 22:03:39',NULL),(113,6,7,5,44,122682,5499880,122202,1,NULL,0,0,21,21,'2020-10-31 22:03:39','2020-10-31 22:03:39',NULL),(114,26,7,6,44,123183,5540216,123096,1,NULL,0,0,20,20,'2020-10-31 22:03:39','2020-10-31 22:03:39',NULL),(115,13,7,7,44,122592,5563763,122808,1,NULL,0,0,19,19,'2020-10-31 22:03:39','2020-10-31 22:03:39',NULL),(116,7,7,8,43,121830,5473000,122136,1,NULL,0,0,18,18,'2020-10-31 22:03:39','2020-10-31 22:03:39',NULL),(117,11,7,9,43,124224,5479608,124146,1,NULL,0,0,17,17,'2020-10-31 22:03:39','2020-10-31 22:03:39',NULL),(118,22,7,10,43,123978,5521545,124362,1,NULL,0,0,16,16,'2020-10-31 22:03:39','2020-10-31 22:03:39',NULL),(119,23,7,11,43,125034,5528011,124044,1,NULL,0,0,15,15,'2020-10-31 22:03:39','2020-10-31 22:03:39',NULL),(120,8,7,12,43,123660,5529507,123885,1,NULL,0,0,14,14,'2020-10-31 22:03:39','2020-10-31 22:03:39',NULL),(121,16,7,13,43,123945,5551758,124515,1,NULL,0,0,13,13,'2020-10-31 22:03:39','2020-10-31 22:03:39',NULL),(122,24,7,14,43,126027,5556570,123942,1,NULL,0,0,12,12,'2020-10-31 22:03:39','2020-10-31 22:03:39',NULL),(123,12,7,15,43,123387,5571159,123750,1,NULL,0,0,11,11,'2020-10-31 22:03:39','2020-10-31 22:03:39',NULL),(124,36,7,16,43,125253,5582037,124671,1,NULL,0,0,10,10,'2020-10-31 22:03:39','2020-10-31 22:03:39',NULL),(125,19,7,17,42,125388,5469294,126069,1,NULL,0,0,9,9,'2020-10-31 22:03:39','2020-10-31 22:03:39',NULL),(126,27,7,18,42,122958,5512512,122952,1,NULL,0,0,8,8,'2020-10-31 22:03:39','2020-10-31 22:03:39',NULL),(127,34,7,19,42,127164,5555950,125778,1,NULL,0,0,7,7,'2020-10-31 22:03:39','2020-10-31 22:03:39',NULL),(128,17,7,20,42,126384,5573770,125124,1,NULL,0,0,6,6,'2020-10-31 22:03:39','2020-10-31 22:03:39',NULL),(129,25,7,21,41,128325,5543430,128241,1,NULL,0,0,5,5,'2020-10-31 22:03:39','2020-10-31 22:03:39',NULL),(130,41,8,1,74,115380,8736829,115950,1,NULL,2,0,24,26,'2020-11-12 11:36:14','2020-11-12 11:36:14',NULL),(131,42,8,2,74,114939,8737425,116061,1,NULL,0,2,23,25,'2020-11-12 11:36:14','2020-11-12 11:36:14',NULL),(132,43,8,3,74,115920,8744609,116412,1,NULL,0,0,22,22,'2020-11-12 11:36:14','2020-11-12 11:36:14',NULL),(133,44,8,4,74,115956,8745428,116205,1,NULL,0,0,21,21,'2020-11-12 11:36:14','2020-11-12 11:36:14',NULL),(134,31,8,5,74,115974,8782670,116739,1,NULL,0,0,20,20,'2020-11-12 11:36:14','2020-11-12 11:36:14',NULL),(135,5,8,6,74,116295,8833187,116319,1,NULL,0,0,19,19,'2020-11-12 11:36:14','2020-11-12 11:36:14',NULL),(136,6,8,7,74,115836,8841641,116538,1,NULL,0,0,18,18,'2020-11-12 11:36:14','2020-11-12 11:36:14',NULL),(137,7,8,8,73,116652,8768987,117261,1,NULL,0,0,17,17,'2020-11-12 11:36:14','2020-11-12 11:36:14',NULL),(138,26,8,9,73,116079,8785276,116343,1,NULL,0,0,16,16,'2020-11-12 11:36:14','2020-11-12 11:36:14',NULL),(139,45,8,10,73,120495,8806965,116778,1,NULL,0,0,15,15,'2020-11-12 11:36:14','2020-11-12 11:36:14',NULL),(140,24,8,11,73,116640,8809258,116550,1,NULL,0,0,14,14,'2020-11-12 11:36:14','2020-11-12 11:36:14',NULL),(141,3,8,12,73,118062,8828478,118164,1,NULL,0,0,13,13,'2020-11-12 11:36:14','2020-11-12 11:36:14',NULL),(142,27,8,13,73,117030,8842768,117363,1,NULL,0,0,12,12,'2020-11-12 11:36:14','2020-11-12 11:36:14',NULL),(143,46,8,14,72,116151,8768652,116877,1,NULL,0,0,11,11,'2020-11-12 11:36:14','2020-11-12 11:36:14',NULL),(144,47,8,15,72,118014,8806748,118764,1,NULL,0,0,10,10,'2020-11-12 11:36:14','2020-11-12 11:36:14',NULL),(145,40,8,16,72,118020,8811924,118278,1,NULL,0,0,9,9,'2020-11-12 11:36:14','2020-11-12 11:36:14',NULL),(146,23,8,17,72,118263,8830970,118551,1,NULL,0,0,8,8,'2020-11-12 11:36:14','2020-11-12 11:36:14',NULL),(147,18,8,18,71,118923,8759956,118431,1,NULL,0,0,7,7,'2020-11-12 11:36:14','2020-11-12 11:36:14',NULL),(148,48,8,19,71,117114,8777697,117861,1,NULL,0,0,6,6,'2020-11-12 11:36:14','2020-11-12 11:36:14',NULL),(149,22,8,20,71,119544,8780010,118656,1,NULL,0,0,5,5,'2020-11-12 11:36:14','2020-11-12 11:36:14',NULL),(150,49,8,21,71,118941,8790294,118878,1,NULL,0,0,4,4,'2020-11-12 11:36:14','2020-11-12 11:36:14',NULL),(151,50,8,22,70,118788,8807979,120105,1,NULL,0,0,3,3,'2020-11-12 11:36:14','2020-11-12 11:36:14',NULL),(152,12,8,23,70,116250,8840982,117207,1,NULL,0,0,2,2,'2020-11-12 11:36:14','2020-11-12 11:36:14',NULL),(153,16,8,24,69,117444,8755890,117666,1,NULL,0,0,1,1,'2020-11-12 11:36:14','2020-11-12 11:36:14',NULL),(187,1,10,1,30,117981,3637793,118221,1,NULL,2,2,20,24,'2020-11-20 01:06:56','2020-11-20 01:07:16','Pro'),(188,43,10,2,30,118398,3648269,118428,1,NULL,0,0,19,19,'2020-11-20 01:06:57','2020-11-30 02:38:32','Pro'),(189,56,10,3,30,118242,3649791,118764,1,NULL,0,0,18,18,'2020-11-20 01:06:57','2020-11-30 02:38:32','Pro'),(190,47,10,1,30,118464,3681117,119346,1,NULL,0,0,20,20,'2020-11-20 01:06:58','2020-11-20 01:07:16','AM'),(191,14,10,4,30,119217,3694574,119238,1,1,0,0,17,16,'2020-11-20 01:06:59','2020-11-30 02:38:32','Pro'),(192,28,10,1,30,119145,3696873,119409,1,2,0,0,20,18,'2020-11-20 01:06:59','2020-11-25 14:43:19','Silver'),(193,9,10,2,30,118431,3699108,118896,1,NULL,0,0,19,19,'2020-11-20 01:07:00','2020-11-20 01:07:16','Silver'),(194,42,10,5,30,118182,3701260,118479,1,NULL,0,0,16,16,'2020-11-20 01:07:00','2020-11-30 02:38:32','Pro'),(195,26,10,6,30,118893,3711890,119796,1,NULL,0,0,15,15,'2020-11-20 01:07:01','2020-11-30 02:38:32','Pro'),(196,6,10,3,30,119184,3712728,119553,1,NULL,0,0,18,18,'2020-11-20 01:07:02','2020-11-20 01:07:16','Silver'),(197,41,10,7,30,118431,3715021,118617,1,NULL,0,0,14,14,'2020-11-20 01:07:02','2020-11-30 02:38:32','Pro'),(198,11,10,4,30,119874,3717287,120039,1,NULL,0,0,17,17,'2020-11-20 01:07:03','2020-11-20 01:07:16','Silver'),(199,18,10,2,30,120270,3728342,120165,1,NULL,0,0,19,19,'2020-11-20 01:07:04','2020-11-20 01:07:16','AM'),(200,24,10,5,30,120099,3733535,119910,1,NULL,0,0,16,16,'2020-11-20 01:07:04','2020-11-20 01:07:16','Silver'),(201,13,10,8,30,118869,3743165,120000,1,2,0,0,13,11,'2020-11-20 01:07:05','2020-11-30 02:38:32','Pro'),(202,31,10,9,30,118644,3822328,118392,1,NULL,0,0,12,12,'2020-11-20 01:07:06','2020-11-30 02:38:32','Pro'),(203,5,10,10,29,118446,3643948,119961,1,NULL,0,0,11,11,'2020-11-20 01:07:07','2020-11-30 02:38:32','Pro'),(204,7,10,6,29,119013,3645340,119310,1,2,0,0,15,13,'2020-11-20 01:07:07','2020-11-30 02:37:01','Silver'),(205,51,10,11,29,119901,3647567,119790,1,NULL,0,0,10,10,'2020-11-20 01:07:08','2020-11-30 02:38:32','Pro'),(206,10,10,7,29,119505,3654076,119589,1,2,0,0,14,12,'2020-11-20 01:07:09','2020-11-30 02:37:01','Silver'),(207,8,10,8,29,120270,3655721,120351,1,4,0,0,13,9,'2020-11-20 01:07:09','2020-11-30 02:37:01','Silver'),(208,54,10,9,29,120636,3668161,119997,1,NULL,0,0,12,12,'2020-11-20 01:07:11','2020-11-30 02:37:01','Silver'),(209,27,10,10,29,120135,3671137,120507,1,NULL,0,0,11,11,'2020-11-20 01:07:11','2020-11-30 02:37:01','Silver'),(210,52,10,3,29,121941,3677442,122130,1,NULL,0,0,18,18,'2020-11-20 01:07:12','2020-11-20 01:07:16','AM'),(211,22,10,4,29,120867,3797932,121674,1,2,0,0,17,15,'2020-11-20 01:07:12','2020-11-20 01:13:46','AM'),(212,39,10,5,29,120855,3820888,120810,1,NULL,0,0,16,16,'2020-11-20 01:07:13','2020-11-20 01:07:16','AM'),(213,36,10,6,29,121767,3832650,122322,1,NULL,0,0,15,15,'2020-11-20 01:07:14','2020-11-20 01:07:16','AM'),(214,48,10,7,29,121686,3866546,121449,1,NULL,0,0,14,14,'2020-11-20 01:07:14','2020-12-12 09:54:33','AM'),(215,55,10,8,28,125343,3660665,124185,1,NULL,0,0,13,13,'2020-11-20 01:07:15','2020-12-12 09:54:33','AM'),(216,34,10,9,28,123942,3672455,124542,1,NULL,0,0,12,12,'2020-11-20 01:07:15','2020-12-12 09:54:33','AM'),(217,16,10,10,28,119658,3693925,121521,1,2,0,0,11,9,'2020-11-20 01:07:15','2020-12-12 09:54:33','AM'),(218,57,10,0,28,120537,3718401,120519,1,2,0,0,0,NULL,'2020-11-20 01:07:15','2020-11-20 01:18:43','No Score'),(219,53,10,11,24,127932,3506178,127977,1,NULL,0,0,10,10,'2020-11-20 01:07:16','2020-12-12 09:54:33','AM'),(220,31,11,1,37,94527,3614576,94719,1,2,0,2,20,20,'2020-11-23 01:16:58','2020-11-30 02:37:01','Pro'),(221,1,11,2,37,95061,3627203,95067,1,NULL,0,0,19,19,'2020-11-23 01:16:58','2020-11-30 02:37:01','Pro'),(222,41,11,3,37,94875,3628760,94647,1,NULL,0,0,18,18,'2020-11-23 01:16:58','2020-11-30 02:37:01','Pro'),(223,42,11,4,37,94743,3651624,94515,1,NULL,2,0,17,19,'2020-11-23 01:16:58','2020-11-30 02:37:01','Pro'),(224,7,11,1,37,94614,3654752,95034,1,-2,0,0,20,22,'2020-11-23 01:16:58','2020-11-30 02:37:01','Silver'),(225,24,11,2,37,95964,3664258,95403,1,NULL,0,0,19,19,'2020-11-23 01:16:58','2020-11-30 02:37:01','Silver'),(226,18,11,1,37,95772,3665450,95904,1,NULL,0,0,20,20,'2020-11-23 01:16:58','2020-11-23 01:16:59','AM'),(227,6,11,3,37,95466,3673674,95607,1,NULL,0,0,18,18,'2020-11-23 01:16:58','2020-11-30 02:37:01','Silver'),(228,43,11,5,37,96288,3678632,96369,1,NULL,0,0,16,16,'2020-11-23 01:16:58','2020-11-30 02:38:32','Pro'),(229,47,11,2,37,96423,3681273,96237,1,1,0,0,19,18,'2020-11-23 01:16:58','2020-11-23 03:03:26','AM'),(230,26,11,6,37,96114,3681418,96129,1,NULL,0,0,15,15,'2020-11-23 01:16:58','2020-11-30 02:38:32','Pro'),(231,56,11,7,37,95361,3681915,95331,1,NULL,0,0,14,14,'2020-11-23 01:16:58','2020-11-30 02:38:32','Pro'),(232,14,11,8,37,96513,3690838,96294,1,NULL,0,0,13,13,'2020-11-23 01:16:58','2020-11-30 02:38:32','Pro'),(233,8,11,4,37,96606,3697404,96054,1,NULL,0,0,17,17,'2020-11-23 01:16:58','2020-11-30 02:37:01','Silver'),(234,5,11,9,37,95778,3698681,95667,1,NULL,0,0,12,12,'2020-11-23 01:16:58','2020-11-30 02:38:32','Pro'),(235,22,11,3,36,97614,3647642,97317,1,NULL,0,0,18,18,'2020-11-23 01:16:58','2020-11-23 01:16:59','AM'),(236,28,11,5,36,96759,3647801,96900,1,NULL,0,0,16,16,'2020-11-23 01:16:58','2020-11-30 02:37:01','Silver'),(237,51,11,10,36,95541,3652576,95913,1,NULL,0,0,11,11,'2020-11-23 01:16:58','2020-11-30 02:38:32','Pro'),(238,39,11,4,36,96861,3658814,96546,1,NULL,0,0,17,17,'2020-11-23 01:16:58','2020-11-23 01:16:59','AM'),(239,13,11,11,36,96153,3679332,96387,1,NULL,0,0,10,10,'2020-11-23 01:16:58','2020-11-30 02:38:32','Pro'),(240,23,11,6,36,97509,3712735,96624,1,NULL,0,0,15,15,'2020-11-23 01:16:58','2020-11-30 02:37:01','Silver'),(241,27,11,7,35,95889,3566112,95829,1,NULL,0,0,14,14,'2020-11-23 01:16:58','2020-11-30 02:37:01','Silver'),(242,52,11,5,35,97422,3651203,98295,1,2,0,0,16,14,'2020-11-23 01:16:58','2020-11-23 03:18:41','AM'),(243,25,11,6,35,99648,3665807,99102,1,8,0,0,15,7,'2020-11-23 01:16:58','2020-11-23 02:55:26','AM'),(244,34,11,7,34,100248,3646947,99897,1,NULL,0,0,14,14,'2020-11-23 01:16:58','2020-11-23 01:16:59','AM'),(245,17,11,8,34,100851,3661607,98511,1,NULL,0,0,13,13,'2020-11-23 01:16:59','2020-11-23 01:16:59','AM'),(246,55,11,9,29,99480,3644025,102468,1,NULL,0,0,12,12,'2020-11-23 01:16:59','2020-11-23 01:17:50','AM'),(247,9,11,8,36,95916,3677003,95355,1,NULL,0,0,13,13,'2020-11-23 01:16:59','2020-11-30 02:37:01','Silver'),(268,31,13,1,26,138714,3713780,138621,1,NULL,2,0,20,22,'2020-11-30 10:46:32','2020-11-30 10:46:32','Pro'),(269,41,13,2,26,138756,3719009,138864,1,NULL,0,0,19,19,'2020-11-30 10:46:32','2020-11-30 10:46:32','Pro'),(270,1,13,3,26,138813,3726067,139221,1,NULL,0,0,18,18,'2020-11-30 10:46:32','2020-11-30 10:46:32','Pro'),(271,5,13,4,26,139491,3753588,139641,1,NULL,0,0,17,17,'2020-11-30 10:46:32','2020-11-30 10:46:32','Pro'),(272,42,13,5,26,140343,3756006,139404,1,NULL,0,0,16,16,'2020-11-30 10:46:32','2020-11-30 10:46:32','Pro'),(273,24,13,1,26,140655,3768910,139929,1,NULL,0,0,20,20,'2020-11-30 10:46:32','2020-11-30 10:46:32','Silver'),(274,6,13,2,26,140166,3774739,140253,1,NULL,0,0,19,19,'2020-11-30 10:46:32','2020-11-30 10:46:32','Silver'),(275,13,13,6,26,141402,3790298,141267,1,4,0,0,15,11,'2020-11-30 10:46:32','2020-11-30 15:28:40','Pro'),(276,27,13,3,26,140361,3791794,140583,1,NULL,0,0,18,18,'2020-11-30 10:46:32','2020-11-30 10:46:32','Silver'),(277,46,13,1,26,141747,3817035,141606,1,1,0,0,20,19,'2020-11-30 10:46:32','2020-12-03 04:13:24','AM'),(278,12,13,2,26,140805,3818540,141519,1,4,0,0,19,15,'2020-11-30 10:46:32','2020-11-30 16:22:54','AM'),(279,8,13,4,26,143166,3820078,141534,1,NULL,0,0,17,17,'2020-11-30 10:46:32','2020-11-30 10:46:32','Silver'),(280,39,13,3,26,144705,3833616,141957,1,NULL,0,0,18,18,'2020-11-30 10:46:32','2020-11-30 10:46:32','AM'),(281,11,13,5,25,141876,3804713,142266,1,NULL,0,0,16,16,'2020-11-30 10:46:32','2020-11-30 10:46:32','Silver'),(282,16,13,4,25,143433,3738007,142746,1,NULL,0,0,17,17,'2020-11-30 10:46:32','2020-11-30 10:46:32','AM'),(283,36,13,5,25,143235,3752927,142572,1,NULL,0,0,16,16,'2020-11-30 10:46:32','2020-11-30 10:46:32','AM'),(284,18,13,6,25,142296,3758186,142233,1,NULL,0,0,15,15,'2020-11-30 10:46:32','2020-11-30 10:46:32','AM'),(285,17,13,7,25,147534,3779658,144618,1,NULL,0,0,14,14,'2020-11-30 10:46:32','2020-11-30 10:46:32','AM'),(286,7,13,6,25,139962,3795071,140022,1,NULL,0,0,15,15,'2020-11-30 10:46:32','2020-11-30 10:46:32','Silver'),(287,52,13,8,25,145752,3806279,144489,1,NULL,0,0,13,13,'2020-11-30 10:46:32','2020-11-30 10:46:32','AM'),(288,51,13,7,25,0,3810942,142860,1,NULL,0,2,14,16,'2020-11-30 10:46:32','2020-11-30 10:46:32','Pro'),(289,55,13,9,24,147876,3720292,147588,1,NULL,0,0,12,12,'2020-11-30 10:46:32','2020-11-30 10:46:32','AM'),(290,25,13,10,24,145542,3783337,144333,1,NULL,0,0,11,11,'2020-11-30 10:46:32','2020-11-30 10:46:32','AM'),(291,22,13,11,23,141813,3745355,141411,1,10,0,0,10,0,'2020-11-30 10:46:32','2020-12-03 04:16:00','AM'),(292,34,13,12,23,145332,3804953,144567,1,NULL,0,0,9,9,'2020-11-30 10:46:32','2020-11-30 10:46:32','AM'),(293,26,13,8,22,141603,3796940,140736,1,NULL,0,0,13,13,'2020-11-30 10:46:32','2020-11-30 10:46:32','Pro'),(294,23,13,7,22,147114,3652452,143262,1,NULL,0,0,14,14,'2020-11-30 10:46:32','2020-11-30 10:46:32','Silver'),(295,53,13,13,21,149607,3493528,150342,1,1,0,0,8,7,'2020-11-30 10:46:32','2020-11-30 16:18:14','AM'),(296,31,14,1,81,104910,8670457,105138,1,NULL,0,0,24,24,'2020-12-06 01:47:00','2020-12-06 01:47:00',''),(297,41,14,2,81,104754,8673469,105438,1,NULL,0,2,23,25,'2020-12-06 01:47:00','2020-12-06 01:47:00',''),(298,5,14,3,81,105585,8710273,105372,1,NULL,0,0,22,22,'2020-12-06 01:47:00','2020-12-06 01:47:00',''),(299,27,14,4,80,106005,8712475,107058,1,NULL,0,0,21,21,'2020-12-06 01:47:00','2020-12-06 01:47:00',''),(300,18,14,5,79,106953,8682496,107445,1,NULL,0,0,20,20,'2020-12-06 01:47:00','2020-12-06 01:47:00',''),(301,13,14,6,79,106683,8690300,106605,1,2,0,0,19,17,'2020-12-06 01:47:00','2020-12-07 16:51:28',''),(302,58,14,7,79,106344,8740474,106929,1,NULL,0,0,18,18,'2020-12-06 01:47:00','2020-12-06 01:47:00',''),(303,48,14,8,79,106383,8746711,106068,1,NULL,0,0,17,17,'2020-12-06 01:47:00','2020-12-06 01:47:00',''),(304,22,14,9,78,107679,8684213,107127,1,NULL,0,0,16,16,'2020-12-06 01:47:00','2020-12-06 01:47:00',''),(305,12,14,10,78,106365,8703062,108198,1,8,0,0,15,7,'2020-12-06 01:47:00','2020-12-15 20:18:38',''),(306,23,14,11,78,106569,8741846,106527,1,NULL,0,0,14,14,'2020-12-06 01:47:00','2020-12-06 01:47:00',''),(307,16,14,12,78,108168,8768686,107490,1,NULL,0,0,13,13,'2020-12-06 01:47:00','2020-12-06 01:47:00',''),(308,26,14,13,75,105219,8690644,104808,1,NULL,2,0,12,14,'2020-12-06 01:47:00','2020-12-06 01:47:00',''),(309,49,14,14,70,106356,7953907,106632,1,NULL,0,0,11,11,'2020-12-06 01:47:00','2020-12-06 01:47:00',''),(310,26,15,1,31,115362,3668738,115329,1,NULL,0,0,20,20,'2020-12-07 01:13:27','2020-12-07 01:13:29','Pro'),(311,41,15,2,31,115290,3670661,115290,1,-2,0,0,19,21,'2020-12-07 01:13:27','2020-12-07 17:47:57','Pro'),(312,31,15,3,31,115743,3682235,114780,1,NULL,2,0,18,20,'2020-12-07 01:13:27','2020-12-07 01:13:29','Pro'),(313,66,15,4,31,116118,3690280,115665,1,NULL,0,0,17,17,'2020-12-07 01:13:28','2020-12-07 03:42:36','Pro'),(314,5,15,5,31,115779,3696229,115899,1,NULL,0,0,16,16,'2020-12-07 01:13:28','2020-12-07 03:42:36','Pro'),(315,7,15,1,31,116871,3712945,116226,1,NULL,0,0,20,20,'2020-12-07 01:13:28','2020-12-07 01:13:29','Silver'),(316,48,15,1,31,116652,3735829,116424,1,NULL,0,0,20,20,'2020-12-07 01:13:28','2020-12-12 09:54:33','AM'),(317,24,15,2,31,116754,3737392,116391,1,NULL,0,0,19,19,'2020-12-07 01:13:28','2020-12-07 01:13:29','Silver'),(318,12,15,2,31,117204,3761437,117333,1,NULL,0,0,19,19,'2020-12-07 01:13:28','2020-12-12 09:54:33','AM'),(319,23,15,3,31,116622,3770874,116349,1,NULL,0,0,18,18,'2020-12-07 01:13:28','2020-12-07 01:13:29','Silver'),(320,32,15,11,31,118476,3785074,117366,1,NULL,0,0,NULL,NULL,'2020-12-07 01:13:28','2020-12-07 01:13:28','No Score'),(321,11,15,4,31,117729,3785763,117255,1,2,0,0,17,15,'2020-12-07 01:13:28','2020-12-07 04:03:51','Silver'),(322,56,15,6,30,115494,3595425,115392,1,NULL,0,0,15,15,'2020-12-07 01:13:28','2020-12-07 03:42:36','Pro'),(323,8,15,5,30,117486,3674574,116751,1,2,0,0,16,14,'2020-12-07 01:13:28','2020-12-07 01:16:16','Silver'),(324,46,15,3,30,117210,3683162,116568,1,NULL,0,0,18,18,'2020-12-07 01:13:28','2020-12-12 09:54:33','AM'),(325,22,15,4,30,0,3689362,117246,1,2,0,2,17,17,'2020-12-07 01:13:28','2020-12-12 09:54:33','AM'),(326,40,15,6,30,117636,3698242,117801,1,NULL,0,0,15,15,'2020-12-07 01:13:29','2020-12-07 01:13:29','Silver'),(327,27,15,7,30,117261,3702209,116982,1,6,0,0,14,8,'2020-12-07 01:13:29','2020-12-11 19:19:44','Silver'),(328,39,15,5,30,118218,3712943,117621,1,NULL,0,0,16,16,'2020-12-07 01:13:29','2020-12-12 09:54:33','AM'),(329,18,15,6,30,119067,3718115,118941,1,NULL,0,0,15,15,'2020-12-07 01:13:29','2020-12-12 09:54:33','AM'),(330,36,15,7,30,118059,3741152,117294,1,NULL,0,0,14,14,'2020-12-07 01:13:29','2020-12-12 09:54:33','AM'),(331,13,15,7,30,117414,3760480,118446,1,NULL,0,0,14,14,'2020-12-07 01:13:29','2020-12-07 03:42:36','Pro'),(332,34,15,8,30,118311,3763206,117921,1,NULL,0,0,13,13,'2020-12-07 01:13:29','2020-12-12 09:54:33','AM'),(333,55,15,9,29,120783,3677552,120981,1,NULL,0,0,12,12,'2020-12-07 01:13:29','2020-12-12 09:54:33','AM'),(334,1,15,8,29,115605,3710520,115395,1,NULL,0,0,13,13,'2020-12-07 01:13:29','2020-12-07 03:42:36','Pro'),(335,17,15,10,29,120381,3715489,119931,1,NULL,0,0,11,11,'2020-12-07 01:13:29','2020-12-12 09:54:33','AM'),(336,25,15,11,29,120630,3778821,121002,1,NULL,0,0,10,10,'2020-12-07 01:13:29','2020-12-12 09:54:33','AM'),(337,1,16,1,35,101829,3688666,101742,1,2,2,2,20,22,'2020-12-14 01:09:44','2020-12-14 01:39:12','Pro'),(338,31,16,2,35,102633,3700539,102222,1,NULL,0,0,19,19,'2020-12-14 01:09:44','2020-12-14 01:09:47','Pro'),(339,5,16,3,35,102642,3709041,102618,1,2,0,0,18,16,'2020-12-14 01:09:44','2020-12-14 01:51:02','Pro'),(340,6,16,1,35,103287,3709550,102468,1,NULL,0,0,20,20,'2020-12-14 01:09:44','2020-12-14 01:09:47','Silver'),(341,26,16,4,35,103098,3712187,102363,1,2,0,0,17,15,'2020-12-14 01:09:44','2020-12-14 01:48:12','Pro'),(342,69,16,6,35,102570,3729098,103104,1,NULL,0,0,NULL,NULL,'2020-12-14 01:09:45','2020-12-14 01:09:45','No Score'),(343,3,16,2,35,103653,3736538,103296,1,1,0,0,19,18,'2020-12-14 01:09:45','2020-12-14 01:31:38','Silver'),(344,56,16,5,35,102894,3746146,103431,1,NULL,0,0,16,16,'2020-12-14 01:09:45','2020-12-14 01:09:47','Pro'),(345,41,16,6,35,102612,3746980,102306,1,NULL,0,0,15,15,'2020-12-14 01:09:45','2020-12-14 01:09:47','Pro'),(346,9,16,3,35,103983,3757251,103293,1,NULL,0,0,18,18,'2020-12-14 01:09:45','2020-12-14 01:09:47','Silver'),(347,12,16,1,35,103314,3758717,103530,1,1,0,0,20,19,'2020-12-14 01:09:45','2020-12-14 01:54:09','AM'),(348,48,16,2,35,103707,3761671,103449,1,NULL,0,0,19,19,'2020-12-14 01:09:45','2020-12-14 01:09:47','AM'),(349,14,16,7,35,103302,3763212,103014,1,NULL,0,0,14,14,'2020-12-14 01:09:45','2020-12-14 01:09:47','Pro'),(350,27,16,4,35,103185,3775125,103734,1,NULL,0,0,17,17,'2020-12-14 01:09:45','2020-12-14 01:09:47','Silver'),(351,13,16,8,35,104310,3783971,103584,1,NULL,0,0,13,13,'2020-12-14 01:09:45','2020-12-14 01:09:47','Pro'),(352,67,16,16,34,103593,3689457,103353,1,NULL,0,0,NULL,NULL,'2020-12-14 01:09:46','2020-12-14 01:09:46','No Score'),(353,68,16,17,34,104421,3690767,104088,1,NULL,0,0,NULL,NULL,'2020-12-14 01:09:46','2020-12-14 01:09:46','No Score'),(354,8,16,5,34,105165,3704672,103992,1,NULL,0,0,16,16,'2020-12-14 01:09:46','2020-12-14 01:09:47','Silver'),(355,11,16,6,34,105009,3708684,104502,1,NULL,0,0,15,15,'2020-12-14 01:09:46','2020-12-14 01:09:47','Silver'),(356,39,16,3,34,106497,3739523,105033,1,NULL,0,0,18,18,'2020-12-14 01:09:46','2020-12-14 01:09:47','AM'),(357,7,16,7,34,104712,3740052,104097,1,NULL,0,0,14,14,'2020-12-14 01:09:46','2020-12-14 01:09:47','Silver'),(358,28,16,8,34,104406,3783623,106554,1,9,0,0,13,4,'2020-12-14 01:09:46','2020-12-14 01:46:15','Silver'),(359,54,16,9,34,106182,3799269,105666,1,NULL,0,0,12,12,'2020-12-14 01:09:46','2020-12-14 01:09:47','Silver'),(360,34,16,4,33,107307,3766478,106089,1,NULL,0,0,17,17,'2020-12-14 01:09:46','2020-12-14 01:09:47','AM'),(361,25,16,5,33,107778,3778909,107169,1,NULL,0,0,16,16,'2020-12-14 01:09:46','2020-12-14 01:09:47','AM'),(362,23,16,10,33,105546,3785332,106140,1,NULL,0,0,11,11,'2020-12-14 01:09:46','2020-12-14 01:09:47','Silver'),(363,70,16,6,32,105474,3724952,103842,1,2,0,0,15,13,'2020-12-14 01:09:47','2020-12-14 01:35:26','AM'),(364,41,17,1,89,94773,8656409,95448,1,NULL,0,0,24,24,'2021-01-10 09:31:09','2021-01-10 09:31:09',''),(365,5,17,2,89,95166,8661214,95256,1,NULL,0,0,23,23,'2021-01-10 09:31:09','2021-01-10 09:31:09',''),(366,67,17,3,89,95034,8682042,95586,1,NULL,0,0,22,22,'2021-01-10 09:31:09','2021-01-10 09:31:09',''),(367,26,17,4,89,94629,8717574,94887,1,NULL,2,2,21,25,'2021-01-10 09:31:09','2021-01-10 09:31:09',''),(368,12,17,5,89,95202,8752090,95355,1,NULL,0,0,20,20,'2021-01-10 09:31:09','2021-01-10 09:31:09',''),(369,9,17,6,88,95112,8671505,95196,1,NULL,0,0,19,19,'2021-01-10 09:31:09','2021-01-10 09:31:09',''),(370,24,17,7,88,95862,8672774,96249,1,NULL,0,0,18,18,'2021-01-10 09:31:09','2021-01-10 09:31:09',''),(371,10,17,8,88,96501,8707009,96714,1,NULL,0,0,17,17,'2021-01-10 09:31:09','2021-01-10 09:31:09',''),(372,27,17,9,88,96060,8707961,96192,1,NULL,0,0,16,16,'2021-01-10 09:31:09','2021-01-10 09:31:09',''),(373,16,17,10,88,96606,8737013,96534,1,NULL,0,0,15,15,'2021-01-10 09:31:09','2021-01-10 09:31:09',''),(374,18,17,11,87,96225,8702060,96708,1,NULL,0,0,14,14,'2021-01-10 09:31:09','2021-01-10 09:31:09',''),(375,22,17,12,87,97533,8729180,97419,1,NULL,0,0,13,13,'2021-01-10 09:31:09','2021-01-10 09:31:09',''),(376,73,17,13,79,102609,8757786,99657,1,NULL,0,0,12,12,'2021-01-10 09:31:09','2021-01-10 09:31:09',''),(377,41,18,1,29,122355,3625406,121686,1,NULL,0,0,20,20,'2021-01-18 01:30:15','2021-01-18 01:30:15','Pro'),(378,1,18,2,29,122088,3625757,121965,1,NULL,0,0,19,19,'2021-01-18 01:30:15','2021-01-18 01:30:15','Pro'),(379,5,18,3,29,121788,3627360,121419,1,NULL,1,1,18,20,'2021-01-18 01:30:15','2021-01-18 01:30:15','Pro'),(380,6,18,4,29,122289,3643534,121800,1,NULL,0,0,17,17,'2021-01-18 01:30:15','2021-01-18 01:30:15','Pro'),(381,13,18,5,29,122601,3655400,122289,1,NULL,0,0,16,16,'2021-01-18 01:30:15','2021-01-18 01:30:15','Pro'),(382,26,18,6,29,122190,3688436,121569,1,NULL,0,0,15,15,'2021-01-18 01:30:15','2021-01-18 01:30:15','Pro'),(383,7,18,1,29,122157,3697653,122583,1,NULL,0,0,20,20,'2021-01-18 01:30:15','2021-01-18 01:30:15','Silver'),(384,67,18,2,29,122436,3713978,122022,1,NULL,0,0,19,19,'2021-01-18 01:30:15','2021-01-18 01:30:15','Silver'),(385,12,18,3,29,123336,3719499,123570,1,NULL,0,0,18,18,'2021-01-18 01:30:15','2021-01-18 01:30:15','Silver'),(386,27,18,4,29,123930,3728008,123168,1,NULL,0,0,17,17,'2021-01-18 01:30:15','2021-01-18 01:30:15','Silver'),(387,9,18,7,29,123006,3728405,122871,1,3,0,0,14,11,'2021-01-18 01:30:15','2021-01-18 01:45:29','Pro'),(388,54,18,5,29,123957,3738246,124077,1,NULL,0,0,16,16,'2021-01-18 01:30:15','2021-01-18 01:30:15','Silver'),(389,23,18,6,28,125415,3632460,122850,1,NULL,0,0,15,15,'2021-01-18 01:30:15','2021-01-18 01:30:15','Silver'),(390,22,18,7,28,124257,3633169,123333,1,NULL,0,0,14,14,'2021-01-18 01:30:15','2021-01-18 01:30:15','Silver'),(391,16,18,1,28,124254,3643015,124029,1,NULL,0,0,20,20,'2021-01-18 01:30:15','2021-01-18 01:30:15','AM'),(392,10,18,8,28,124416,3643078,123282,1,5,0,0,13,8,'2021-01-18 01:30:15','2021-01-20 15:24:21','Silver'),(393,8,18,9,28,126069,3691542,124818,1,NULL,0,0,12,12,'2021-01-18 01:30:15','2021-01-18 01:30:15','Silver'),(394,65,18,2,28,124731,3712738,125388,1,NULL,0,0,19,19,'2021-01-18 01:30:15','2021-01-18 01:30:15','AM'),(395,76,18,3,27,125265,3668260,126543,1,2,0,0,18,16,'2021-01-18 01:30:15','2021-01-21 21:36:24','AM'),(396,55,18,4,27,126633,3716103,126570,1,NULL,0,0,17,17,'2021-01-18 01:30:15','2021-01-18 01:30:15','AM'),(397,25,18,5,27,129051,3651532,126924,1,NULL,0,0,16,16,'2021-01-18 01:30:15','2021-01-18 01:30:15','AM'),(398,74,18,6,27,127923,3683121,126891,1,NULL,0,0,15,15,'2021-01-18 01:30:15','2021-01-18 01:30:15','AM'),(399,73,18,7,27,128400,3705581,126447,1,NULL,0,0,14,14,'2021-01-18 01:30:15','2021-01-18 01:30:15','AM'),(400,39,18,8,23,126699,3680712,125721,1,NULL,0,0,13,13,'2021-01-18 01:30:15','2021-01-18 01:30:15','AM'),(401,67,19,1,35,101982,3660119,102267,1,1,0,1,20,20,'2021-01-25 09:29:49','2021-01-28 02:16:42','Silver'),(402,5,19,1,35,102036,3664551,101961,1,0,0,0,20,20,'2021-01-25 09:29:49','2021-01-28 01:31:57','Pro'),(403,1,19,2,35,102240,3684267,102498,1,NULL,0,0,19,19,'2021-01-25 09:29:49','2021-01-25 09:29:49','Pro'),(404,27,19,2,35,102513,3685898,102774,1,0,0,0,19,19,'2021-01-25 09:29:49','2021-01-28 01:50:33','Silver'),(405,13,19,3,35,103593,3722644,102954,1,NULL,0,0,18,18,'2021-01-25 09:29:49','2021-01-25 09:29:49','Pro'),(406,42,19,3,35,102240,3727784,102372,1,0,0,0,18,18,'2021-01-25 09:29:49','2021-01-28 01:35:31','Silver'),(407,12,19,4,35,103470,3739809,103506,1,NULL,0,0,17,17,'2021-01-25 09:29:49','2021-01-25 09:29:49','Silver'),(408,16,19,1,35,103260,3740187,103725,1,NULL,0,0,20,20,'2021-01-25 09:29:49','2021-01-25 09:29:49','AM'),(409,54,19,5,35,103998,3764611,104103,1,NULL,0,0,16,16,'2021-01-25 09:29:49','2021-01-25 09:29:49','Silver'),(410,8,19,6,34,104232,3661611,104073,1,NULL,0,0,15,15,'2021-01-25 09:29:49','2021-01-25 09:29:49','Silver'),(411,7,19,7,34,102897,3694128,103425,1,3,0,0,14,11,'2021-01-25 09:29:49','2021-01-28 02:16:33','Silver'),(412,74,19,2,34,104361,3695490,104544,1,NULL,0,0,19,19,'2021-01-25 09:29:49','2021-01-25 09:29:49','AM'),(413,65,19,3,34,104040,3739990,104523,1,NULL,0,0,18,18,'2021-01-25 09:29:49','2021-01-25 09:29:49','AM'),(414,34,19,4,34,105243,3741673,105213,1,NULL,0,0,17,17,'2021-01-25 09:29:49','2021-01-25 09:29:49','AM'),(415,25,19,5,34,106923,3744829,105444,1,NULL,0,0,16,16,'2021-01-25 09:29:49','2021-01-25 09:29:49','AM'),(416,22,19,8,33,104355,3665452,105051,1,0,0,0,13,13,'2021-01-25 09:29:49','2021-01-28 01:32:58','Silver'),(417,30,19,6,33,106149,3709710,106932,1,NULL,0,0,15,15,'2021-01-25 09:29:49','2021-01-25 09:29:49','AM'),(418,55,19,7,33,106110,3753113,107568,1,NULL,0,0,14,14,'2021-01-25 09:29:49','2021-01-25 09:29:49','AM'),(419,76,19,8,32,104400,3663798,104838,1,NULL,0,0,13,13,'2021-01-25 09:29:49','2021-01-25 09:29:49','AM'),(420,39,19,9,32,105471,3753707,105348,1,1,0,0,12,11,'2021-01-25 09:29:49','2021-01-28 02:16:15','AM'),(421,9,19,4,27,102582,2942983,101778,1,NULL,1,0,17,18,'2021-01-25 09:29:49','2021-01-25 09:29:49','Pro'),(422,26,19,5,26,103008,3689170,102495,1,NULL,0,0,16,16,'2021-01-25 09:29:49','2021-01-25 09:29:49','Pro'),(423,67,20,1,42,83262,3607046,83271,1,NULL,NULL,NULL,20,20,'2021-02-01 10:28:23','2021-02-01 10:28:23','Silver'),(424,41,20,1,42,83550,3611605,83352,1,NULL,NULL,NULL,20,20,'2021-02-01 10:28:23','2021-02-01 10:28:23','Pro'),(425,5,20,2,42,83796,3616869,83505,1,NULL,NULL,NULL,19,19,'2021-02-01 10:28:23','2021-02-01 10:28:23','Pro'),(426,1,20,3,42,83742,3632231,83691,1,NULL,NULL,NULL,18,18,'2021-02-01 10:28:23','2021-02-01 10:28:23','Pro'),(427,6,20,4,42,84090,3632363,83511,1,NULL,NULL,NULL,17,17,'2021-02-01 10:28:23','2021-02-01 10:28:23','Pro'),(428,42,20,2,42,83145,3646782,84021,1,3,NULL,1,19,17,'2021-02-01 10:28:23','2021-02-03 22:22:07','Silver'),(429,13,20,5,42,84216,3660099,83649,1,NULL,NULL,NULL,16,16,'2021-02-01 10:28:23','2021-02-01 10:28:23','Pro'),(430,12,20,3,42,83820,3665371,84285,1,NULL,NULL,NULL,18,18,'2021-02-01 10:28:23','2021-02-01 10:28:23','Silver'),(431,9,20,6,42,83682,3670759,83880,1,NULL,NULL,NULL,15,15,'2021-02-01 10:28:23','2021-02-01 10:28:23','Pro'),(432,16,20,1,42,84378,3672896,84171,1,NULL,1,1,20,22,'2021-02-01 10:28:23','2021-02-01 10:28:23','AM'),(433,54,20,4,42,84252,3687147,83991,1,1,NULL,NULL,17,16,'2021-02-01 10:28:23','2021-02-03 22:34:18','Silver'),(434,8,20,5,42,84882,3697403,84498,1,NULL,NULL,NULL,16,16,'2021-02-01 10:28:23','2021-02-01 10:28:23','Silver'),(435,65,20,2,41,85047,3608042,84669,1,NULL,NULL,NULL,19,19,'2021-02-01 10:28:23','2021-02-01 10:28:23','AM'),(436,40,20,6,41,84375,3614824,84255,1,1,NULL,NULL,15,14,'2021-02-01 10:28:23','2021-02-03 22:25:43','Silver'),(437,27,20,7,41,84636,3649924,84345,1,NULL,NULL,NULL,14,14,'2021-02-01 10:28:23','2021-02-01 10:28:23','Silver'),(438,23,20,8,41,84183,3693551,84861,1,0,NULL,NULL,13,13,'2021-02-01 10:28:23','2021-02-03 22:14:31','Silver'),(439,74,20,3,40,85569,3658014,85515,1,NULL,NULL,NULL,18,18,'2021-02-01 10:28:23','2021-02-01 10:28:23','AM'),(440,76,20,4,40,86175,3696999,86721,1,0,NULL,NULL,17,17,'2021-02-01 10:28:23','2021-02-03 22:32:16','AM'),(441,26,20,7,39,83133,3709267,83319,1,0,1,1,14,16,'2021-02-01 10:28:23','2021-02-03 22:16:15','Pro'),(442,55,20,5,39,87042,3678400,87474,1,NULL,NULL,NULL,16,16,'2021-02-01 10:28:23','2021-02-01 10:28:23','AM'),(443,34,20,6,39,85956,3691591,86937,1,NULL,NULL,NULL,15,15,'2021-02-01 10:28:23','2021-02-01 10:28:23','AM'),(444,7,20,9,36,83805,3609318,83133,1,NULL,1,NULL,12,13,'2021-02-01 10:28:23','2021-02-01 10:28:23','Silver');
/*!40000 ALTER TABLE `event_entries` ENABLE KEYS */;
UNLOCK TABLES;

--
-- Table structure for table `events`
--

DROP TABLE IF EXISTS `events`;
/*!40101 SET @saved_cs_client     = @@character_set_client */;
/*!50503 SET character_set_client = utf8mb4 */;
CREATE TABLE `events` (
  `id` bigint unsigned NOT NULL AUTO_INCREMENT,
  `session_id_sgp` varchar(255) CHARACTER SET utf8mb4 COLLATE utf8mb4_unicode_ci NOT NULL,
  `session_name` varchar(255) CHARACTER SET utf8mb4 COLLATE utf8mb4_unicode_ci NOT NULL,
  `track_name` varchar(255) CHARACTER SET utf8mb4 COLLATE utf8mb4_unicode_ci NOT NULL,
  `series_id` bigint unsigned NOT NULL,
  `results_imported` tinyint(1) NOT NULL DEFAULT '0',
  `registration_open` tinyint(1) NOT NULL DEFAULT '1',
  `replay_url` varchar(255) CHARACTER SET utf8mb4 COLLATE utf8mb4_unicode_ci DEFAULT NULL,
  `created_at` timestamp NULL DEFAULT NULL,
  `updated_at` timestamp NULL DEFAULT NULL,
  PRIMARY KEY (`id`)
) ENGINE=InnoDB AUTO_INCREMENT=22 DEFAULT CHARSET=utf8mb4 COLLATE=utf8mb4_unicode_ci;
/*!40101 SET character_set_client = @saved_cs_client */;

--
-- Dumping data for table `events`
--

LOCK TABLES `events` WRITE;
/*!40000 ALTER TABLE `events` DISABLE KEYS */;
INSERT INTO `events` VALUES (1,'OuwqupzZJpyEbDDhVSolx','Week 1 - Nurburgring','Nurburgring 2019',1,1,0,NULL,'2020-10-14 16:13:49','2020-12-25 07:41:17'),(2,'EGfd072zx_R9sx7Nw7xwm','Week 2 - Laguna Seca','Laguna Seca',1,1,0,NULL,'2020-10-14 16:13:50','2020-12-25 07:41:17'),(3,'IDWTvDxLqqQsE6RQbMySI','Week 3 - Zolder','Zolder',1,1,0,NULL,'2020-10-14 16:13:51','2020-12-25 07:41:17'),(4,'Hm6Wt88r4SdvlyiDG4yqv','Week 4 - Spa','Spa',1,1,0,NULL,'2020-10-14 16:13:51','2020-12-25 07:41:17'),(5,'aoicuOgcxtzcmaitVzBXd','Week 5 - Kyalami ','Kyalami',1,1,0,NULL,'2020-10-19 23:51:29','2020-12-25 07:41:17'),(7,'C17zJFv3C49F-oJWeSbaz','Week 6 - Suzuka','Suzuka',1,1,0,NULL,'2020-10-31 22:03:39','2020-12-25 07:41:17'),(8,'Jtph5pnpfCWnFfaNvarF5','Nurburgring','Nurburgring 2019',3,1,0,NULL,'2020-11-12 11:36:14','2020-12-25 07:41:17'),(10,'HtjYzO0w2trxYqfoAFp3J','Silverstone','Silverstone',5,1,0,NULL,'2020-11-20 01:06:56','2020-12-25 07:41:17'),(11,'aPPzsGE-pWWcwmqjsREtz','Misano 2020','Misano 2020',5,1,0,NULL,'2020-11-23 01:16:58','2020-12-25 07:41:17'),(13,'MF4huW7HSbY6Lj9xeJf7L','Spa 2020','Spa 2020',5,1,0,'https://we.tl/t-6swHlh4wDC','2020-11-30 10:46:32','2020-12-25 07:41:17'),(14,'jeGBcDIVVYhpIZwG47Std','Hungaroring 2020','Hungaroring 2020',3,1,0,NULL,'2020-12-06 01:47:00','2020-12-25 07:41:17'),(15,'tqEjiCfjEM9bNfgt-Yl-c','Paul Ricard 2020','Paul Ricard 2020',5,1,0,NULL,'2020-12-07 01:13:27','2020-12-25 07:41:17'),(16,'alZY8SRxHAdkycUVzTKj3','Imola 2020','Imola',5,1,0,'https://we.tl/t-VDKp0766ZG','2020-12-14 01:09:44','2020-12-25 07:41:17'),(17,'a4NUBvR8LXIADrYM8vPni','Misano 2020','Misano 2020',3,1,0,NULL,'2021-01-10 09:31:09','2021-01-10 09:31:25'),(18,'yaxiczjisNnc4KL7KHtGq','Suzuka','Suzuka',6,1,0,'https://drive.google.com/file/d/1EqrbpxXU9TfSjA-mGMy9rW8ojdEi73K1/view?usp=sharing','2021-01-12 21:08:32','2021-01-18 18:30:16'),(19,'0-s_Giz4-CyLbvvfJOm6L','Kyalami','Kyalami',6,1,0,'https://drive.google.com/file/d/1x6b2rQaHOZ7yy3ARrU4h1Yln6SMPN_8h/view?usp=sharing','2021-01-12 21:09:06','2021-01-25 09:30:28'),(20,'nhrVdkemyFv4v2cncPFSP','Laguna Seca','Laguna Seca',6,1,0,'https://drive.google.com/file/d/14CFbjtygIKVjAfBFLodnhwbApN3gDdxs/view?usp=sharing','2021-01-12 21:09:26','2021-02-01 18:46:44'),(21,'cGpkBpGKmmYC9RDyOObzj','Bathurst','Bathurst',6,0,1,NULL,'2021-01-12 21:09:58','2021-01-12 21:10:31');
/*!40000 ALTER TABLE `events` ENABLE KEYS */;
UNLOCK TABLES;

--
-- Table structure for table `failed_jobs`
--

DROP TABLE IF EXISTS `failed_jobs`;
/*!40101 SET @saved_cs_client     = @@character_set_client */;
/*!50503 SET character_set_client = utf8mb4 */;
CREATE TABLE `failed_jobs` (
  `id` bigint unsigned NOT NULL AUTO_INCREMENT,
  `uuid` varchar(255) CHARACTER SET utf8mb4 COLLATE utf8mb4_unicode_ci NOT NULL,
  `connection` text CHARACTER SET utf8mb4 COLLATE utf8mb4_unicode_ci NOT NULL,
  `queue` text CHARACTER SET utf8mb4 COLLATE utf8mb4_unicode_ci NOT NULL,
  `payload` longtext CHARACTER SET utf8mb4 COLLATE utf8mb4_unicode_ci NOT NULL,
  `exception` longtext CHARACTER SET utf8mb4 COLLATE utf8mb4_unicode_ci NOT NULL,
  `failed_at` timestamp NOT NULL DEFAULT CURRENT_TIMESTAMP,
  PRIMARY KEY (`id`),
  UNIQUE KEY `failed_jobs_uuid_unique` (`uuid`)
) ENGINE=InnoDB DEFAULT CHARSET=utf8mb4 COLLATE=utf8mb4_unicode_ci;
/*!40101 SET character_set_client = @saved_cs_client */;

--
-- Dumping data for table `failed_jobs`
--

LOCK TABLES `failed_jobs` WRITE;
/*!40000 ALTER TABLE `failed_jobs` DISABLE KEYS */;
/*!40000 ALTER TABLE `failed_jobs` ENABLE KEYS */;
UNLOCK TABLES;

--
-- Table structure for table `incidents`
--

DROP TABLE IF EXISTS `incidents`;
/*!40101 SET @saved_cs_client     = @@character_set_client */;
/*!50503 SET character_set_client = utf8mb4 */;
CREATE TABLE `incidents` (
  `id` bigint unsigned NOT NULL AUTO_INCREMENT,
  `accused_id` bigint unsigned NOT NULL,
  `victim_id` bigint unsigned NOT NULL,
  `reported_by_id` bigint unsigned NOT NULL,
  `penalty_id` bigint unsigned NOT NULL,
  `event_id` bigint unsigned NOT NULL,
  `timestamp` varchar(255) CHARACTER SET utf8mb4 COLLATE utf8mb4_unicode_ci NOT NULL,
  `description` text CHARACTER SET utf8mb4 COLLATE utf8mb4_unicode_ci NOT NULL,
  `reviewers_notes` text CHARACTER SET utf8mb4 COLLATE utf8mb4_unicode_ci NOT NULL,
  `status` varchar(255) CHARACTER SET utf8mb4 COLLATE utf8mb4_unicode_ci NOT NULL,
  `created_at` timestamp NULL DEFAULT NULL,
  `updated_at` timestamp NULL DEFAULT NULL,
  `penalty_applied` tinyint(1) NOT NULL DEFAULT '0',
  `first_lap` tinyint(1) NOT NULL DEFAULT '0',
  PRIMARY KEY (`id`)
) ENGINE=InnoDB AUTO_INCREMENT=84 DEFAULT CHARSET=utf8mb4 COLLATE=utf8mb4_unicode_ci;
/*!40101 SET character_set_client = @saved_cs_client */;

--
-- Dumping data for table `incidents`
--

LOCK TABLES `incidents` WRITE;
/*!40000 ALTER TABLE `incidents` DISABLE KEYS */;
INSERT INTO `incidents` VALUES (4,10,8,1,2,9,'27:13','','Not reviewed','1','2020-11-16 01:25:12','2020-11-17 01:04:43',1,0),(5,16,6,14,2,9,'8:28','Broke a bit too late and hit rear end of #77 causing him to spin.','Not reviewed','1','2020-11-16 01:28:44','2020-11-17 01:07:55',1,0),(6,8,27,18,2,9,'5:53','Lap 1 incident','Not reviewed','1','2020-11-16 01:29:36','2020-11-16 01:30:47',0,0),(7,22,8,18,2,9,'10:37','Lap 3','Not reviewed','1','2020-11-16 01:32:10','2020-11-16 03:24:15',0,0),(9,10,48,18,1,9,'12:43','bad rejoin? Dale had the entire track to the right had he seen it coming.','Not reviewed','2','2020-11-16 23:43:58','2020-11-17 00:12:24',0,0),(10,7,10,18,2,9,'65.18','','Not reviewed','1','2020-11-17 00:14:18','2020-11-17 02:46:08',1,0),(11,57,24,1,1,9,'7:19','Resubmitted a previous report with new first lap option.','Not reviewed','1','2020-11-17 01:04:05','2020-11-17 02:01:51',1,1),(12,28,13,10,2,9,'12:15','','Not reviewed','0','2020-11-17 04:49:14','2020-11-17 04:49:14',0,0),(13,13,24,10,2,9,'18:37','','Not reviewed','1','2020-11-17 04:52:38','2020-11-17 04:52:38',1,0),(14,10,8,1,2,10,'27:13','','Not reviewed','1','2020-11-20 01:10:29','2020-11-20 01:10:29',1,0),(15,16,6,1,2,10,'8:28','','Not reviewed','1','2020-11-20 01:11:35','2020-11-20 01:11:54',1,0),(16,8,27,1,2,10,'5:53','','Not reviewed','1','2020-11-20 01:12:39','2020-11-20 01:12:51',1,1),(17,22,8,1,2,10,'10:37','','Not reviewed','1','2020-11-20 01:13:38','2020-11-20 01:13:49',1,0),(18,7,10,1,2,10,'65:18','','Not reviewed','1','2020-11-20 01:16:08','2020-11-20 01:16:19',1,0),(19,57,24,1,1,10,'7:19','','Not reviewed','1','2020-11-20 01:18:36','2020-11-20 01:18:43',1,1),(20,13,24,1,2,10,'18:37','','Not reviewed','1','2020-11-20 01:21:03','2020-11-20 01:21:10',1,0),(21,28,13,1,2,10,'12:15','','Not reviewed','3','2020-11-20 01:22:13','2020-11-25 14:43:19',1,0),(22,14,5,3,1,10,'38:47','Little bump in T1 - No positions lost','Not reviewed','3','2020-11-23 02:34:28','2020-11-25 14:43:41',1,0),(23,25,55,31,2,11,'4:59','','Not reviewed','1','2020-11-23 02:45:49','2020-11-23 02:45:49',1,1),(24,25,34,31,2,11,'5:26','','Not reviewed','1','2020-11-23 02:55:26','2020-11-23 02:55:26',1,1),(25,47,17,7,1,11,'36:54','I came into the pits this lap, had practiced the pit entry several times so I knew my mark for braking... but I tunnel visioned on Paul and it caught me off guard, and I drove right through him on pit entry.  My apologies.','Not reviewed','1','2020-11-23 03:03:26','2020-11-23 03:03:26',1,0),(26,52,55,12,2,11,'N/A','','Not reviewed','1','2020-11-23 03:18:41','2020-11-23 03:18:41',1,0),(27,14,13,10,3,11,'4:40','','Not reviewed','0','2020-11-24 01:43:45','2020-11-24 01:43:45',0,1),(28,13,11,10,2,13,'6:16','','Not reviewed','1','2020-11-30 15:28:40','2020-11-30 15:28:40',1,1),(29,53,27,5,1,13,'','Didn\'t brake enough into a turn and I bumped his rear end. ','Not reviewed','1','2020-11-30 16:18:14','2020-11-30 16:18:14',1,0),(30,12,24,16,2,13,'LAP 1, turn 6','Replay clearly shows I am hard braking, but could not stop in time. My mistake and I own it. ','Not reviewed','1','2020-11-30 16:22:54','2020-11-30 16:22:54',1,1),(31,46,22,24,2,13,'52:40','','Atkins not at fault.','4','2020-11-30 16:36:31','2020-12-03 04:14:42',0,0),(32,46,22,24,1,13,'< 52:40 (lap 19)','Overtaking off track after back marker, contact on rejoin','Overly aggressive move in a situation and area of the track it should not have been attempted.','3','2020-11-30 16:41:19','2020-12-03 04:14:08',1,0),(38,22,46,38,1,13,'52.31','Same as my protest response. Could have ended my race. (Hits me 3 times and turns in as normal in eau rouge)','Penalty would\'ve been confirmed, however driver has been disqualified from race.','5','2020-12-01 21:46:00','2020-12-03 04:22:37',0,0),(39,58,12,16,2,14,'5:03','I had position, line and room, #947 turns left and spins me,','Incident recreated with correct penalty selected.\nPenalty will be reviewed by an outside source.','4','2020-12-06 18:59:53','2020-12-07 16:47:13',0,1),(40,8,13,18,2,15,'8:43','','Not reviewed','1','2020-12-07 01:16:16','2020-12-07 01:16:16',1,0),(41,11,17,40,2,15,'9:13','Tapped him in the back causing spin and lose 7 places','Not reviewed','1','2020-12-07 04:03:51','2020-12-07 04:03:51',1,0),(43,58,12,1,3,14,'5:03','Re-Report of incident with correct penalty. Contact made with #888 Griffal in the spin.','Independent review notes posted to discord.','4','2020-12-07 16:45:26','2020-12-15 20:03:53',0,1),(44,12,58,1,3,14,'5:03','Inverse of another report, awaiting results.','Independent review notes posted to discord.','3','2020-12-07 16:48:38','2020-12-15 20:04:14',1,1),(45,12,16,1,1,14,'5:09','','No contact was made, penalty was applied and manually reversed. -Dale','5','2020-12-07 16:49:16','2020-12-15 20:18:34',1,1),(46,12,18,1,1,14,'5:09','','Miles with car facing backwards on track, clipped car not waiting for a safe time to continue.','3','2020-12-07 16:49:47','2020-12-07 16:52:49',1,1),(47,13,12,1,2,14,'107:35','','Miles had the right to the inside line, McVeigh turned in knocking Miles off track.','3','2020-12-07 16:50:18','2020-12-07 16:51:28',1,0),(48,27,40,18,2,15,'6:49','','Not reviewed','1','2020-12-07 21:29:50','2020-12-11 19:19:37',1,1),(49,27,40,18,2,15,'10:32','','Not reviewed','1','2020-12-07 21:30:37','2020-12-11 19:19:44',1,0),(50,28,0,1,5,16,'','','Not reviewed','3','2020-12-14 01:10:54','2020-12-14 01:11:19',1,0),(51,28,70,1,3,16,'5:58','Turn in on Fernandes causing a massive chain reaction of incidents.','Not reviewed','3','2020-12-14 01:23:46','2020-12-14 01:24:06',1,1),(52,3,9,1,1,16,'25:52','','Not reviewed','3','2020-12-14 01:31:34','2020-12-14 01:31:43',1,0),(53,70,34,1,2,16,'14:30','','Not reviewed','3','2020-12-14 01:35:21','2020-12-14 01:35:31',1,0),(54,1,23,1,2,16,'23:11','','Not reviewed','3','2020-12-14 01:39:06','2020-12-14 01:39:16',1,0),(55,28,70,1,2,16,'36:00','','Not reviewed','3','2020-12-14 01:46:06','2020-12-14 01:46:20',1,0),(56,26,23,1,2,16,'39:42','','Not reviewed','1','2020-12-14 01:48:08','2020-12-14 01:51:13',1,0),(57,5,0,1,2,16,'52:50','','Hans was Victim.','1','2020-12-14 01:50:38','2020-12-14 01:56:25',1,0),(58,12,9,1,1,16,'63:26','','Not reviewed','3','2020-12-14 01:54:00','2020-12-14 01:54:12',1,0),(59,14,67,45,2,16,'5:50-6:00','I passed #156 on the inside going into the last chicane and he tried to fight back and go two wide through the chicane. He ended up hitting my rear left quarter panel on the left turn of the chicane. His number does not show in the incident chart but that is what caused the 3 car crash.','Not reviewed','2','2020-12-14 02:21:17','2020-12-14 20:01:52',0,1),(60,9,67,23,3,18,'15:18','','Not reviewed','1','2021-01-18 01:45:29','2021-01-18 01:45:29',1,0),(61,10,22,24,2,18,'34:42','Dale got better drive through 130R expected him to go on the inside to take the chicane but he didn\'t and hit/spun me','Not reviewed','1','2021-01-18 03:30:36','2021-01-18 21:34:37',1,0),(62,10,39,3,3,18,'44:30','Ethan slowed down to let Dale past on the exit of T2, Dale unluckily lost control and ended up hitting Ethan, spinning him into Gary.','Not reviewed','3','2021-01-20 02:16:39','2021-01-20 15:24:21',1,0),(63,76,10,3,1,18,'5:16','Raz brakes a little too little a little too late into T1 and went too far on the inside, tires went into the grass causing the car to rotate left into Dale. No positions lost luckily but could have ended badly','Not reviewed','3','2021-01-20 02:27:43','2021-01-20 15:25:21',1,1),(64,7,12,3,1,19,'9:09','','Not reviewed','3','2021-01-28 01:28:40','2021-01-28 01:31:15',1,0),(65,5,9,3,6,19,'11:05','','Dive on the inside by #41 when #42 missed the apex. Simple side-by-side door dinging at the exit. Small racing incident','4','2021-01-28 01:31:57','2021-01-28 01:38:17',1,0),(66,22,65,3,6,19,'11:54','','Not reviewed','4','2021-01-28 01:32:52','2021-01-28 01:33:05',1,0),(67,7,39,3,1,19,'12:32','','Not reviewed','3','2021-01-28 01:34:00','2021-01-28 01:34:09',1,0),(68,42,9,3,6,19,'13:24','','Very tricky incident deemed in the end as a racing incident.\nCar #42 takes a defensive line into the corner and oversteers, while car #91 takes the offensive line and bumps off of the kerb, causing a bit of understeer. Both cars come in to contact when side by side at the exit of the corner. ','4','2021-01-28 01:35:26','2021-01-28 01:49:27',1,0),(70,27,9,3,4,19,'15:29','','Not reviewed','3','2021-01-28 01:50:19','2021-01-28 02:08:24',1,0),(71,5,55,3,6,19,'23:34','','Car #6 taps the brakes a bit too early to let #41 pass, #41 doesn\'t anticipate it enough and there is a slight tiny ding as a result.','4','2021-01-28 02:00:28','2021-01-28 02:02:55',1,0),(72,42,55,3,4,19,'26:16','','Warning to both cars:\n- to #91 for not anticipating the slower driver\n- to #6 for lifting to allow for passing in a relatively dangerous place. This will improve with more experience','3','2021-01-28 02:03:53','2021-01-28 02:16:49',1,0),(73,67,65,3,1,19,'35:08','','Car #63 starts accelerating behind #23 at the exit of T2 while #23 had an unbalanced car still. \nWhile #23 was under blue flag, it had only just been waived at him. #63 ends up tapping #23 causing the backmarker to spin. No positions lost.','3','2021-01-28 02:09:23','2021-01-28 02:16:42',1,0),(74,7,55,3,1,19,'40:23','','Car #121 missing his braking point and collides with #6. No positions lost','3','2021-01-28 02:13:32','2021-01-28 02:16:33',1,0),(75,39,55,3,1,19,'57:01','','Car #6 is getting blue flagged. Car #418 moves to overtake on the inside of the esses, but ends up colliding with #6. No positions lost.','3','2021-01-28 02:14:55','2021-01-28 02:16:15',1,0),(76,23,13,3,4,20,'5:16','','Small warning to #88 to leave a little more room when racing side-by-side','5','2021-02-03 22:13:20','2021-02-03 22:14:31',1,0),(77,26,27,3,4,20,'5:20','','Small warning to #97 for the rejoin attempt colliding with #12','5','2021-02-03 22:15:00','2021-02-03 22:16:15',1,0),(79,42,6,3,3,20,'6:45','','A little late on the brakes by #91, ends up colliding with #206 at the corkscrew and causing a chain reaction of collisions.','5','2021-02-03 22:20:46','2021-02-03 22:22:07',1,0),(80,40,0,3,1,20,'12:32','','Although the contact was #156 hitting #136, it was caused by a dangerous braking line immediately after passing by #136. There was no way for #156 to even see the brakes before it was too late.','5','2021-02-03 22:23:43','2021-02-03 22:25:43',1,0),(81,76,9,3,4,20,'1:02:28','','Warning to #404 - Although there was an intent to let the lapping car pass, the delivery wasn\'t ideal (too early and still on the exit of a sharp corner), which caused #42 to collide with #404, and lots of damage to #404 as a result.','5','2021-02-03 22:26:32','2021-02-03 22:32:20',1,0),(82,76,54,3,4,20,'1:03:55','','Warning to #404 - Although there was an intent to let the lapping car pass, the delivery wasn\'t ideal (unexpected behavior at a dangerous fast corner), which caused #669 to collide with #404.','5','2021-02-03 22:29:21','2021-02-03 22:32:16',1,0),(83,54,76,3,1,20,'1:03:55','','Although there was an intent by #404 to let the lapping car pass, and even though the delivery wasn\'t ideal, #669 should be more careful coming up to slower cars at fast corners, and should expect to brake a lot earlier than usual.','5','2021-02-03 22:32:41','2021-02-03 22:34:18',1,0);
/*!40000 ALTER TABLE `incidents` ENABLE KEYS */;
UNLOCK TABLES;

--
-- Table structure for table `invites`
--

DROP TABLE IF EXISTS `invites`;
/*!40101 SET @saved_cs_client     = @@character_set_client */;
/*!50503 SET character_set_client = utf8mb4 */;
CREATE TABLE `invites` (
  `id` bigint unsigned NOT NULL AUTO_INCREMENT,
  `driver_id` bigint unsigned NOT NULL,
  `code` char(36) CHARACTER SET utf8mb4 COLLATE utf8mb4_unicode_ci NOT NULL,
  `created_at` timestamp NULL DEFAULT NULL,
  `updated_at` timestamp NULL DEFAULT NULL,
  PRIMARY KEY (`id`),
  KEY `invites_driver_id_foreign` (`driver_id`),
  CONSTRAINT `invites_driver_id_foreign` FOREIGN KEY (`driver_id`) REFERENCES `drivers` (`id`) ON DELETE CASCADE
) ENGINE=InnoDB AUTO_INCREMENT=68 DEFAULT CHARSET=utf8mb4 COLLATE=utf8mb4_unicode_ci;
/*!40101 SET character_set_client = @saved_cs_client */;

--
-- Dumping data for table `invites`
--

LOCK TABLES `invites` WRITE;
/*!40000 ALTER TABLE `invites` DISABLE KEYS */;
INSERT INTO `invites` VALUES (42,60,'fb55b33b-1890-4819-b845-ebc3ccb6005f','2020-11-26 05:22:17','2020-11-26 05:22:17'),(43,35,'9883c43e-b96c-400d-b53c-49fe862c8f6c','2020-11-26 05:25:24','2020-11-26 05:25:24'),(48,64,'0de4aeb9-efe0-45f2-8e48-17fd0a01189c','2020-11-28 16:59:50','2020-11-28 16:59:50'),(58,71,'fadc6e12-39fe-4420-9ef4-57e8d53f70a0','2020-12-25 08:36:28','2020-12-25 08:36:28'),(65,78,'50ffd648-7424-4f36-b21d-ba6061ea5d41','2021-01-17 20:05:44','2021-01-17 20:05:44'),(66,19,'c0cd35b9-5d11-460a-8177-06ce16ef383e','2021-02-04 13:43:35','2021-02-04 13:43:35');
/*!40000 ALTER TABLE `invites` ENABLE KEYS */;
UNLOCK TABLES;

--
-- Table structure for table `migrations`
--

DROP TABLE IF EXISTS `migrations`;
/*!40101 SET @saved_cs_client     = @@character_set_client */;
/*!50503 SET character_set_client = utf8mb4 */;
CREATE TABLE `migrations` (
  `id` int unsigned NOT NULL AUTO_INCREMENT,
  `migration` varchar(255) CHARACTER SET utf8mb4 COLLATE utf8mb4_unicode_ci NOT NULL,
  `batch` int NOT NULL,
  PRIMARY KEY (`id`)
) ENGINE=InnoDB AUTO_INCREMENT=41 DEFAULT CHARSET=utf8mb4 COLLATE=utf8mb4_unicode_ci;
/*!40101 SET character_set_client = @saved_cs_client */;

--
-- Dumping data for table `migrations`
--

LOCK TABLES `migrations` WRITE;
/*!40000 ALTER TABLE `migrations` DISABLE KEYS */;
INSERT INTO `migrations` VALUES (1,'2014_10_12_000000_create_users_table',1),(2,'2014_10_12_100000_create_password_resets_table',1),(3,'2019_08_19_000000_create_failed_jobs_table',1),(4,'2020_09_22_072212_create_events_table',1),(5,'2020_10_01_135823_create_event_entries_table',1),(6,'2020_10_01_143100_create_series_table',1),(7,'2020_10_07_065028_create_drivers_table',1),(8,'2020_10_16_103059_add_driver_score_to_drivers_table',2),(10,'2020_10_19_200331_create_driver_scores_table',3),(11,'2014_10_12_200000_add_two_factor_columns_to_users_table',4),(12,'2020_10_24_004448_remove_clean_laps_from_event_entries_table',5),(13,'2020_11_01_194832_create_permission_tables',6),(14,'2020_11_01_231101_add_driver_id_to_users_table',7),(15,'2020_11_01_232513_create_sites_table',8),(16,'2020_11_02_053417_create_invites_table',9),(17,'2020_11_04_184026_add_splits_column_to_series_table',10),(18,'2020_11_11_040159_create_penalties_table',11),(19,'2020_11_11_040345_create_incidents_table',11),(20,'2020_11_14_002851_add_driver_number_to_drivers_table',12),(21,'2018_08_08_100000_create_telescope_entries_table',13),(22,'2020_11_16_214721_add_penalty_applied_to_incidents_table',14),(23,'2020_11_16_230328_add_first_lap_to_incidents_table',14),(24,'2020_11_19_115852_create_series_locks_table',15),(25,'2020_11_19_224202_add_split_to_driver_entries_table',15),(26,'2020_11_25_094544_add_discord_columns_to_users_table',16),(27,'2020_11_25_131912_add_discords_to_drivers_table',16),(28,'2020_12_02_110605_add_drop_one_standings_toggle_to_series_table',17),(29,'2020_12_08_154346_add_2020_tracks_to_driver_scores_table',18),(30,'2020_12_08_171130_add_protected_to_penalties_table',19),(31,'2020_12_20_192204_add_registration_open_to_events_table',20),(32,'2020_12_20_193041_add_registration_locked_column_to_series_table',20),(33,'2020_12_20_193155_add_car_id_column_to_series_locks_table',20),(34,'2020_12_20_200816_add_results_imported_to_events_table',20),(35,'2020_12_23_002327_add_registration_open_and_archive_columsn_to_series_table',20),(36,'2021_01_06_164253_create_discord_channels_table',21),(37,'2021_01_07_071153_drop_old_pasword_resets_table',22),(38,'2021_01_07_071803_create_reset_passwords_table',22),(39,'2021_01_20_210657_add_vehicle_change_locked_column_to_series_table',23),(40,'2021_01_21_012728_add_steam_id_column_to_drivers_table',24);
/*!40000 ALTER TABLE `migrations` ENABLE KEYS */;
UNLOCK TABLES;

--
-- Table structure for table `model_has_permissions`
--

DROP TABLE IF EXISTS `model_has_permissions`;
/*!40101 SET @saved_cs_client     = @@character_set_client */;
/*!50503 SET character_set_client = utf8mb4 */;
CREATE TABLE `model_has_permissions` (
  `permission_id` bigint unsigned NOT NULL,
  `model_type` varchar(255) CHARACTER SET utf8mb4 COLLATE utf8mb4_unicode_ci NOT NULL,
  `model_id` bigint unsigned NOT NULL,
  PRIMARY KEY (`permission_id`,`model_id`,`model_type`),
  KEY `model_has_permissions_model_id_model_type_index` (`model_id`,`model_type`),
  CONSTRAINT `model_has_permissions_permission_id_foreign` FOREIGN KEY (`permission_id`) REFERENCES `permissions` (`id`) ON DELETE CASCADE
) ENGINE=InnoDB DEFAULT CHARSET=utf8mb4 COLLATE=utf8mb4_unicode_ci;
/*!40101 SET character_set_client = @saved_cs_client */;

--
-- Dumping data for table `model_has_permissions`
--

LOCK TABLES `model_has_permissions` WRITE;
/*!40000 ALTER TABLE `model_has_permissions` DISABLE KEYS */;
INSERT INTO `model_has_permissions` VALUES (2,'App\\Models\\User',3),(2,'App\\Models\\User',16),(2,'App\\Models\\User',18);
/*!40000 ALTER TABLE `model_has_permissions` ENABLE KEYS */;
UNLOCK TABLES;

--
-- Table structure for table `model_has_roles`
--

DROP TABLE IF EXISTS `model_has_roles`;
/*!40101 SET @saved_cs_client     = @@character_set_client */;
/*!50503 SET character_set_client = utf8mb4 */;
CREATE TABLE `model_has_roles` (
  `role_id` bigint unsigned NOT NULL,
  `model_type` varchar(255) CHARACTER SET utf8mb4 COLLATE utf8mb4_unicode_ci NOT NULL,
  `model_id` bigint unsigned NOT NULL,
  PRIMARY KEY (`role_id`,`model_id`,`model_type`),
  KEY `model_has_roles_model_id_model_type_index` (`model_id`,`model_type`),
  CONSTRAINT `model_has_roles_role_id_foreign` FOREIGN KEY (`role_id`) REFERENCES `roles` (`id`) ON DELETE CASCADE
) ENGINE=InnoDB DEFAULT CHARSET=utf8mb4 COLLATE=utf8mb4_unicode_ci;
/*!40101 SET character_set_client = @saved_cs_client */;

--
-- Dumping data for table `model_has_roles`
--

LOCK TABLES `model_has_roles` WRITE;
/*!40000 ALTER TABLE `model_has_roles` DISABLE KEYS */;
INSERT INTO `model_has_roles` VALUES (1,'App\\Models\\User',1),(1,'App\\Models\\User',2),(1,'App\\Models\\User',3),(1,'App\\Models\\User',10);
/*!40000 ALTER TABLE `model_has_roles` ENABLE KEYS */;
UNLOCK TABLES;

--
-- Table structure for table `penalties`
--

DROP TABLE IF EXISTS `penalties`;
/*!40101 SET @saved_cs_client     = @@character_set_client */;
/*!50503 SET character_set_client = utf8mb4 */;
CREATE TABLE `penalties` (
  `id` bigint unsigned NOT NULL AUTO_INCREMENT,
  `description` varchar(255) CHARACTER SET utf8mb4 COLLATE utf8mb4_unicode_ci NOT NULL,
  `points` smallint NOT NULL,
  `created_at` timestamp NULL DEFAULT NULL,
  `updated_at` timestamp NULL DEFAULT NULL,
  `protected` tinyint(1) NOT NULL DEFAULT '0',
  PRIMARY KEY (`id`)
) ENGINE=InnoDB AUTO_INCREMENT=7 DEFAULT CHARSET=utf8mb4 COLLATE=utf8mb4_unicode_ci;
/*!40101 SET character_set_client = @saved_cs_client */;

--
-- Dumping data for table `penalties`
--

LOCK TABLES `penalties` WRITE;
/*!40000 ALTER TABLE `penalties` DISABLE KEYS */;
INSERT INTO `penalties` VALUES (1,'Collision - No Positions Lost',1,'2020-11-11 10:15:33','2020-11-11 10:15:33',0),(2,'Collision - Positions Lost',2,'2020-11-11 10:20:06','2020-11-11 10:20:06',0),(3,'Collision - Multiple Cars',3,'2020-11-16 01:13:46','2020-11-16 01:13:46',0),(4,'Warning',0,'2020-12-08 18:12:49','2020-12-08 18:12:49',1),(5,'Chose Wrong Split for Event',1,'2020-12-13 01:01:31','2020-12-13 01:01:31',1),(6,'Moral Hazzard',0,'2020-12-14 00:58:19','2020-12-14 00:58:19',0);
/*!40000 ALTER TABLE `penalties` ENABLE KEYS */;
UNLOCK TABLES;

--
-- Table structure for table `permissions`
--

DROP TABLE IF EXISTS `permissions`;
/*!40101 SET @saved_cs_client     = @@character_set_client */;
/*!50503 SET character_set_client = utf8mb4 */;
CREATE TABLE `permissions` (
  `id` bigint unsigned NOT NULL AUTO_INCREMENT,
  `name` varchar(255) CHARACTER SET utf8mb4 COLLATE utf8mb4_unicode_ci NOT NULL,
  `guard_name` varchar(255) CHARACTER SET utf8mb4 COLLATE utf8mb4_unicode_ci NOT NULL,
  `created_at` timestamp NULL DEFAULT NULL,
  `updated_at` timestamp NULL DEFAULT NULL,
  PRIMARY KEY (`id`)
) ENGINE=InnoDB AUTO_INCREMENT=5 DEFAULT CHARSET=utf8mb4 COLLATE=utf8mb4_unicode_ci;
/*!40101 SET character_set_client = @saved_cs_client */;

--
-- Dumping data for table `permissions`
--

LOCK TABLES `permissions` WRITE;
/*!40000 ALTER TABLE `permissions` DISABLE KEYS */;
INSERT INTO `permissions` VALUES (1,'manage users','web','2020-11-02 02:01:31','2020-11-02 02:01:31'),(2,'give penalties','web','2020-11-02 02:14:25','2020-11-02 02:14:25'),(3,'manage series','web','2020-11-02 02:21:43','2020-11-02 02:21:43'),(4,'manage drivers','web','2020-11-02 04:00:15','2020-11-02 04:00:15');
/*!40000 ALTER TABLE `permissions` ENABLE KEYS */;
UNLOCK TABLES;

--
-- Table structure for table `reset_passwords`
--

DROP TABLE IF EXISTS `reset_passwords`;
/*!40101 SET @saved_cs_client     = @@character_set_client */;
/*!50503 SET character_set_client = utf8mb4 */;
CREATE TABLE `reset_passwords` (
  `id` bigint unsigned NOT NULL AUTO_INCREMENT,
  `user_id` bigint unsigned NOT NULL,
  `code` char(36) COLLATE utf8mb4_unicode_ci NOT NULL,
  PRIMARY KEY (`id`),
  KEY `reset_passwords_user_id_foreign` (`user_id`),
  CONSTRAINT `reset_passwords_user_id_foreign` FOREIGN KEY (`user_id`) REFERENCES `users` (`id`) ON DELETE CASCADE
) ENGINE=InnoDB AUTO_INCREMENT=6 DEFAULT CHARSET=utf8mb4 COLLATE=utf8mb4_unicode_ci;
/*!40101 SET character_set_client = @saved_cs_client */;

--
-- Dumping data for table `reset_passwords`
--

LOCK TABLES `reset_passwords` WRITE;
/*!40000 ALTER TABLE `reset_passwords` DISABLE KEYS */;
/*!40000 ALTER TABLE `reset_passwords` ENABLE KEYS */;
UNLOCK TABLES;

--
-- Table structure for table `role_has_permissions`
--

DROP TABLE IF EXISTS `role_has_permissions`;
/*!40101 SET @saved_cs_client     = @@character_set_client */;
/*!50503 SET character_set_client = utf8mb4 */;
CREATE TABLE `role_has_permissions` (
  `permission_id` bigint unsigned NOT NULL,
  `role_id` bigint unsigned NOT NULL,
  PRIMARY KEY (`permission_id`,`role_id`),
  KEY `role_has_permissions_role_id_foreign` (`role_id`),
  CONSTRAINT `role_has_permissions_permission_id_foreign` FOREIGN KEY (`permission_id`) REFERENCES `permissions` (`id`) ON DELETE CASCADE,
  CONSTRAINT `role_has_permissions_role_id_foreign` FOREIGN KEY (`role_id`) REFERENCES `roles` (`id`) ON DELETE CASCADE
) ENGINE=InnoDB DEFAULT CHARSET=utf8mb4 COLLATE=utf8mb4_unicode_ci;
/*!40101 SET character_set_client = @saved_cs_client */;

--
-- Dumping data for table `role_has_permissions`
--

LOCK TABLES `role_has_permissions` WRITE;
/*!40000 ALTER TABLE `role_has_permissions` DISABLE KEYS */;
INSERT INTO `role_has_permissions` VALUES (1,1),(2,1),(3,1),(4,1);
/*!40000 ALTER TABLE `role_has_permissions` ENABLE KEYS */;
UNLOCK TABLES;

--
-- Table structure for table `roles`
--

DROP TABLE IF EXISTS `roles`;
/*!40101 SET @saved_cs_client     = @@character_set_client */;
/*!50503 SET character_set_client = utf8mb4 */;
CREATE TABLE `roles` (
  `id` bigint unsigned NOT NULL AUTO_INCREMENT,
  `name` varchar(255) CHARACTER SET utf8mb4 COLLATE utf8mb4_unicode_ci NOT NULL,
  `guard_name` varchar(255) CHARACTER SET utf8mb4 COLLATE utf8mb4_unicode_ci NOT NULL,
  `created_at` timestamp NULL DEFAULT NULL,
  `updated_at` timestamp NULL DEFAULT NULL,
  PRIMARY KEY (`id`)
) ENGINE=InnoDB AUTO_INCREMENT=2 DEFAULT CHARSET=utf8mb4 COLLATE=utf8mb4_unicode_ci;
/*!40101 SET character_set_client = @saved_cs_client */;

--
-- Dumping data for table `roles`
--

LOCK TABLES `roles` WRITE;
/*!40000 ALTER TABLE `roles` DISABLE KEYS */;
INSERT INTO `roles` VALUES (1,'admin','web','2020-11-02 01:56:42','2020-11-02 01:56:42');
/*!40000 ALTER TABLE `roles` ENABLE KEYS */;
UNLOCK TABLES;

--
-- Table structure for table `series`
--

DROP TABLE IF EXISTS `series`;
/*!40101 SET @saved_cs_client     = @@character_set_client */;
/*!50503 SET character_set_client = utf8mb4 */;
CREATE TABLE `series` (
  `id` bigint unsigned NOT NULL AUTO_INCREMENT,
  `name` varchar(255) CHARACTER SET utf8mb4 COLLATE utf8mb4_unicode_ci NOT NULL,
  `top_point` smallint NOT NULL DEFAULT '0',
  `penalty_points` tinyint(1) NOT NULL DEFAULT '0',
  `created_at` timestamp NULL DEFAULT NULL,
  `updated_at` timestamp NULL DEFAULT NULL,
  `splits` tinyint(1) NOT NULL DEFAULT '0',
  `drop_one_standings` tinyint(1) NOT NULL DEFAULT '1',
  `registration_locked` tinyint(1) NOT NULL DEFAULT '0',
  `registration_open` tinyint(1) NOT NULL DEFAULT '1',
  `archived` tinyint(1) NOT NULL DEFAULT '0',
  `vehicle_change_locked` tinyint(1) NOT NULL DEFAULT '0',
  PRIMARY KEY (`id`)
) ENGINE=InnoDB AUTO_INCREMENT=7 DEFAULT CHARSET=utf8mb4 COLLATE=utf8mb4_unicode_ci;
/*!40101 SET character_set_client = @saved_cs_client */;

--
-- Dumping data for table `series`
--

LOCK TABLES `series` WRITE;
/*!40000 ALTER TABLE `series` DISABLE KEYS */;
INSERT INTO `series` VALUES (1,'Americas Pint',25,1,'2020-10-14 16:13:48','2020-10-14 16:13:49',0,1,0,1,1,0),(3,'Endurance Series',24,1,'2020-11-12 11:33:28','2020-11-12 11:36:14',0,1,0,1,0,0),(5,'Pint Series 2',0,1,'2020-11-20 01:06:20','2020-11-20 01:06:20',1,0,0,1,1,0),(6,'Pint Series 3',0,1,'2021-01-12 21:07:44','2021-01-20 21:20:01',1,0,1,0,0,1);
/*!40000 ALTER TABLE `series` ENABLE KEYS */;
UNLOCK TABLES;

--
-- Table structure for table `series_locks`
--

DROP TABLE IF EXISTS `series_locks`;
/*!40101 SET @saved_cs_client     = @@character_set_client */;
/*!50503 SET character_set_client = utf8mb4 */;
CREATE TABLE `series_locks` (
  `id` bigint unsigned NOT NULL AUTO_INCREMENT,
  `driver_id` bigint unsigned NOT NULL,
  `series_id` bigint unsigned NOT NULL,
  `split` varchar(255) COLLATE utf8mb4_unicode_ci NOT NULL DEFAULT 'No Score',
  `car_id` smallint DEFAULT NULL,
  PRIMARY KEY (`id`),
  KEY `series_locks_driver_id_foreign` (`driver_id`),
  KEY `series_locks_series_id_foreign` (`series_id`),
  CONSTRAINT `series_locks_driver_id_foreign` FOREIGN KEY (`driver_id`) REFERENCES `drivers` (`id`) ON DELETE CASCADE,
  CONSTRAINT `series_locks_series_id_foreign` FOREIGN KEY (`series_id`) REFERENCES `series` (`id`) ON DELETE CASCADE
) ENGINE=InnoDB AUTO_INCREMENT=76 DEFAULT CHARSET=utf8mb4 COLLATE=utf8mb4_unicode_ci;
/*!40101 SET character_set_client = @saved_cs_client */;

--
-- Dumping data for table `series_locks`
--

LOCK TABLES `series_locks` WRITE;
/*!40000 ALTER TABLE `series_locks` DISABLE KEYS */;
INSERT INTO `series_locks` VALUES (1,1,5,'Pro',NULL),(2,43,5,'Pro',NULL),(3,56,5,'Pro',NULL),(4,47,5,'AM',NULL),(5,14,5,'Pro',NULL),(6,28,5,'Silver',NULL),(7,9,5,'Silver',NULL),(8,42,5,'Pro',NULL),(9,26,5,'Pro',NULL),(10,6,5,'Silver',NULL),(11,41,5,'Pro',NULL),(12,11,5,'Silver',NULL),(13,18,5,'AM',NULL),(14,24,5,'Silver',NULL),(15,13,5,'Pro',NULL),(16,31,5,'Pro',NULL),(17,5,5,'Pro',NULL),(18,7,5,'Silver',NULL),(19,51,5,'Pro',NULL),(20,10,5,'Silver',NULL),(21,8,5,'Silver',NULL),(22,54,5,'Silver',NULL),(23,27,5,'Silver',NULL),(24,52,5,'AM',NULL),(25,22,5,'AM',NULL),(26,39,5,'AM',NULL),(27,36,5,'AM',NULL),(28,48,5,'AM',NULL),(29,55,5,'AM',NULL),(30,34,5,'AM',NULL),(31,16,5,'AM',NULL),(32,57,5,'No Score',NULL),(33,53,5,'AM',NULL),(34,23,5,'Silver',NULL),(35,25,5,'AM',NULL),(36,17,5,'AM',NULL),(37,46,5,'AM',NULL),(38,12,5,'AM',NULL),(39,66,5,'Pro',NULL),(40,32,5,'No Score',NULL),(41,40,5,'Silver',NULL),(42,69,5,'No Score',NULL),(43,3,5,'Silver',NULL),(44,67,5,'No Score',NULL),(45,68,5,'No Score',NULL),(46,70,5,'AM',NULL),(47,10,6,'Silver',25),(48,41,6,'Pro',15),(49,16,6,'AM',24),(50,13,6,'Pro',15),(51,5,6,'Pro',20),(52,73,6,'AM',25),(53,23,6,'Silver',23),(54,54,6,'Silver',23),(55,9,6,'Pro',19),(56,1,6,'Pro',6),(57,7,6,'Silver',8),(58,55,6,'AM',16),(59,26,6,'Pro',7),(60,34,6,'AM',24),(61,67,6,'Silver',15),(62,12,6,'Silver',22),(63,74,6,'AM',20),(64,65,6,'AM',8),(65,8,6,'Silver',24),(66,39,6,'AM',24),(67,22,6,'Silver',20),(68,76,6,'AM',19),(69,25,6,'AM',20),(70,27,6,'Silver',19),(71,6,6,'Pro',25),(72,14,6,'Pro',25),(73,42,6,'Silver',20),(74,30,6,'AM',5),(75,40,6,'Silver',23);
/*!40000 ALTER TABLE `series_locks` ENABLE KEYS */;
UNLOCK TABLES;

--
-- Table structure for table `sites`
--

DROP TABLE IF EXISTS `sites`;
/*!40101 SET @saved_cs_client     = @@character_set_client */;
/*!50503 SET character_set_client = utf8mb4 */;
CREATE TABLE `sites` (
  `key` varchar(255) CHARACTER SET utf8mb4 COLLATE utf8mb4_unicode_ci NOT NULL,
  `value` varchar(255) CHARACTER SET utf8mb4 COLLATE utf8mb4_unicode_ci NOT NULL
) ENGINE=InnoDB DEFAULT CHARSET=utf8mb4 COLLATE=utf8mb4_unicode_ci;
/*!40101 SET character_set_client = @saved_cs_client */;

--
-- Dumping data for table `sites`
--

LOCK TABLES `sites` WRITE;
/*!40000 ALTER TABLE `sites` DISABLE KEYS */;
INSERT INTO `sites` VALUES ('sgpToken','eyJhbGciOiJIUzI1NiIsInR5cCI6IkpXVCJ9.eyJpZCI6IlNYczMzSUgtWkRTYTZBMmhVektVXyIsInN0ZWFtSWQiOiI3NjU2MTE5ODAzMjcwMTY2MyIsImlhdCI6MTYxMjM5NjA4NywiZXhwIjoxNjEyODI4MDg3fQ.qZT9yHzpiq0eVsgtoaaV6SlTpn7EsOOJ37DmVEFuB-E'),('sgpLeagueId','ikG1uiyY6vvTGCTAL486M');
/*!40000 ALTER TABLE `sites` ENABLE KEYS */;
UNLOCK TABLES;

--
-- Table structure for table `telescope_entries`
--

DROP TABLE IF EXISTS `telescope_entries`;
/*!40101 SET @saved_cs_client     = @@character_set_client */;
/*!50503 SET character_set_client = utf8mb4 */;
CREATE TABLE `telescope_entries` (
  `sequence` bigint unsigned NOT NULL AUTO_INCREMENT,
  `uuid` char(36) COLLATE utf8mb4_unicode_ci NOT NULL,
  `batch_id` char(36) COLLATE utf8mb4_unicode_ci NOT NULL,
  `family_hash` varchar(255) COLLATE utf8mb4_unicode_ci DEFAULT NULL,
  `should_display_on_index` tinyint(1) NOT NULL DEFAULT '1',
  `type` varchar(20) COLLATE utf8mb4_unicode_ci NOT NULL,
  `content` longtext COLLATE utf8mb4_unicode_ci NOT NULL,
  `created_at` datetime DEFAULT NULL,
  PRIMARY KEY (`sequence`),
  UNIQUE KEY `telescope_entries_uuid_unique` (`uuid`),
  KEY `telescope_entries_batch_id_index` (`batch_id`),
  KEY `telescope_entries_family_hash_index` (`family_hash`),
  KEY `telescope_entries_created_at_index` (`created_at`),
  KEY `telescope_entries_type_should_display_on_index_index` (`type`,`should_display_on_index`)
) ENGINE=InnoDB AUTO_INCREMENT=324 DEFAULT CHARSET=utf8mb4 COLLATE=utf8mb4_unicode_ci;
/*!40101 SET character_set_client = @saved_cs_client */;

--
-- Dumping data for table `telescope_entries`
--

LOCK TABLES `telescope_entries` WRITE;
/*!40000 ALTER TABLE `telescope_entries` DISABLE KEYS */;
INSERT INTO `telescope_entries` VALUES (309,'92a589df-0eef-46a4-9eda-cfb2ce73047f','92a589e6-9958-4039-826a-914d9e30a055',NULL,1,'schedule','{\"command\":\"\'\\/usr\\/bin\\/php7.4\' \'artisan\' telescope:prune\",\"description\":null,\"expression\":\"0 0 * * *\",\"timezone\":\"UTC\",\"user\":null,\"output\":\"\",\"hostname\":\"accssa\"}','2021-02-04 00:00:03'),(310,'92a589e6-98e1-4e1d-9c13-508abc3c821d','92a589e6-9958-4039-826a-914d9e30a055',NULL,1,'schedule','{\"command\":\"\'\\/usr\\/bin\\/php7.4\' \'artisan\' sgp:reject-applications\",\"description\":null,\"expression\":\"0 0 * * *\",\"timezone\":\"UTC\",\"user\":null,\"output\":\"\",\"hostname\":\"accssa\"}','2021-02-04 00:00:08'),(311,'92a6a86a-c3fe-42c0-80a7-c0071771e6b1','92a6a86a-c463-46fb-97f6-7ccb608cd27e',NULL,1,'request','{\"ip_address\":\"109.249.181.19\",\"uri\":\"\\/auth\\/callback?code=DcntcLky7OnTfjFEVWM5670tYmIcF2&state=9KaWJDrNmUpmR38MgBz5TJx3dFOT8nBfRc82jiAD\",\"method\":\"GET\",\"controller_action\":\"App\\\\Http\\\\Controllers\\\\Auth\\\\DiscordController@handleCallback\",\"middleware\":[\"web\"],\"headers\":{\"cookie\":\"********\",\"accept-language\":\"en-GB,en-US;q=0.9,en;q=0.8\",\"accept-encoding\":\"gzip, deflate\",\"referer\":\"https:\\/\\/discord.com\\/\",\"sec-fetch-dest\":\"document\",\"sec-fetch-user\":\"?1\",\"sec-fetch-mode\":\"navigate\",\"sec-fetch-site\":\"cross-site\",\"x-requested-with\":\"com.google.android.googlequicksearchbox\",\"accept\":\"text\\/html,application\\/xhtml+xml,application\\/xml;q=0.9,image\\/webp,image\\/apng,*\\/*;q=0.8,application\\/signed-exchange;v=b3;q=0.9\",\"user-agent\":\"Mozilla\\/5.0 (Linux; Android 10; SM-G960F Build\\/QP1A.190711.020) AppleWebKit\\/537.36 (KHTML, like Gecko) Chrome\\/88.0.4324.93 Mobile Safari\\/537.36\",\"upgrade-insecure-requests\":\"1\",\"host\":\"newworldsimracing.com\",\"content-length\":\"\",\"content-type\":\"\"},\"payload\":{\"code\":\"DcntcLky7OnTfjFEVWM5670tYmIcF2\",\"state\":\"9KaWJDrNmUpmR38MgBz5TJx3dFOT8nBfRc82jiAD\"},\"session\":{\"_token\":\"********\",\"_previous\":{\"url\":\"https:\\/\\/newworldsimracing.com\\/auth\\/callback?code=DcntcLky7OnTfjFEVWM5670tYmIcF2&state=9KaWJDrNmUpmR38MgBz5TJx3dFOT8nBfRc82jiAD\"},\"_flash\":{\"old\":[],\"new\":[]}},\"response_status\":500,\"response\":\"HTML Response\",\"duration\":1009,\"memory\":2,\"hostname\":\"accssa\"}','2021-02-04 13:21:17'),(312,'92a6b0e3-21ad-4cee-8b85-bbcfed9041de','92a6b0e3-2215-4688-8c8c-9a44c22019f3',NULL,1,'request','{\"ip_address\":\"109.249.181.19\",\"uri\":\"\\/auth\\/callback?code=x6I80GA4EzsmlUvb7N3JKtVdteL2xu&state=KIoMpCd4jRCmcfsXduQy5wVf7v7aSXrGM5Ri7C32\",\"method\":\"GET\",\"controller_action\":\"App\\\\Http\\\\Controllers\\\\Auth\\\\DiscordController@handleCallback\",\"middleware\":[\"web\"],\"headers\":{\"cookie\":\"********\",\"accept-language\":\"en-GB,en-US;q=0.9,en;q=0.8\",\"accept-encoding\":\"gzip, deflate\",\"referer\":\"https:\\/\\/discord.com\\/\",\"sec-fetch-dest\":\"document\",\"sec-fetch-user\":\"?1\",\"sec-fetch-mode\":\"navigate\",\"sec-fetch-site\":\"cross-site\",\"x-requested-with\":\"com.google.android.googlequicksearchbox\",\"accept\":\"text\\/html,application\\/xhtml+xml,application\\/xml;q=0.9,image\\/webp,image\\/apng,*\\/*;q=0.8,application\\/signed-exchange;v=b3;q=0.9\",\"user-agent\":\"Mozilla\\/5.0 (Linux; Android 10; SM-G960F Build\\/QP1A.190711.020) AppleWebKit\\/537.36 (KHTML, like Gecko) Chrome\\/88.0.4324.93 Mobile Safari\\/537.36\",\"upgrade-insecure-requests\":\"1\",\"host\":\"newworldsimracing.com\",\"content-length\":\"\",\"content-type\":\"\"},\"payload\":{\"code\":\"x6I80GA4EzsmlUvb7N3JKtVdteL2xu\",\"state\":\"KIoMpCd4jRCmcfsXduQy5wVf7v7aSXrGM5Ri7C32\"},\"session\":{\"_token\":\"********\",\"_previous\":{\"url\":\"https:\\/\\/newworldsimracing.com\\/auth\\/callback?code=x6I80GA4EzsmlUvb7N3JKtVdteL2xu&state=KIoMpCd4jRCmcfsXduQy5wVf7v7aSXrGM5Ri7C32\"},\"_flash\":{\"old\":[],\"new\":[]}},\"response_status\":500,\"response\":\"HTML Response\",\"duration\":837,\"memory\":2,\"hostname\":\"accssa\"}','2021-02-04 13:44:59'),(313,'92a6b0fb-beda-4547-9c93-951b7077116c','92a6b0fb-bf3d-4041-a5c6-e1bf82817c3c',NULL,1,'request','{\"ip_address\":\"109.249.181.19\",\"uri\":\"\\/auth\\/callback?code=p0QtBnh2RHViyvr0aH179k3ghSNSLU&state=KIoMpCd4jRCmcfsXduQy5wVf7v7aSXrGM5Ri7C32\",\"method\":\"GET\",\"controller_action\":\"App\\\\Http\\\\Controllers\\\\Auth\\\\DiscordController@handleCallback\",\"middleware\":[\"web\"],\"headers\":{\"cookie\":\"********\",\"accept-language\":\"en-GB,en-US;q=0.9,en;q=0.8\",\"accept-encoding\":\"gzip, deflate\",\"referer\":\"https:\\/\\/discord.com\\/\",\"sec-fetch-dest\":\"document\",\"sec-fetch-user\":\"?1\",\"sec-fetch-mode\":\"navigate\",\"sec-fetch-site\":\"cross-site\",\"x-requested-with\":\"com.google.android.googlequicksearchbox\",\"accept\":\"text\\/html,application\\/xhtml+xml,application\\/xml;q=0.9,image\\/webp,image\\/apng,*\\/*;q=0.8,application\\/signed-exchange;v=b3;q=0.9\",\"user-agent\":\"Mozilla\\/5.0 (Linux; Android 10; SM-G960F Build\\/QP1A.190711.020) AppleWebKit\\/537.36 (KHTML, like Gecko) Chrome\\/88.0.4324.93 Mobile Safari\\/537.36\",\"upgrade-insecure-requests\":\"1\",\"host\":\"newworldsimracing.com\",\"content-length\":\"\",\"content-type\":\"\"},\"payload\":{\"code\":\"p0QtBnh2RHViyvr0aH179k3ghSNSLU\",\"state\":\"KIoMpCd4jRCmcfsXduQy5wVf7v7aSXrGM5Ri7C32\"},\"session\":{\"_token\":\"********\",\"_previous\":{\"url\":\"https:\\/\\/newworldsimracing.com\\/auth\\/callback?code=p0QtBnh2RHViyvr0aH179k3ghSNSLU&state=KIoMpCd4jRCmcfsXduQy5wVf7v7aSXrGM5Ri7C32\"},\"_flash\":{\"old\":[],\"new\":[]}},\"response_status\":500,\"response\":\"HTML Response\",\"duration\":27,\"memory\":4,\"hostname\":\"accssa\"}','2021-02-04 13:45:15'),(314,'92a6c893-24a7-451d-bba9-fec5ba46a2e9','92a6c893-251a-4626-8dd1-74018c4d8684',NULL,1,'request','{\"ip_address\":\"172.58.219.195\",\"uri\":\"\\/auth\\/callback?code=kfzEb9LcYiswT4bM3bdvpVg3tB3n0M&state=fF6l8SMbP8NqR5ystZpOUBi8mCsg4yeCpSu1NxWP\",\"method\":\"GET\",\"controller_action\":\"App\\\\Http\\\\Controllers\\\\Auth\\\\DiscordController@handleCallback\",\"middleware\":[\"web\"],\"headers\":{\"cookie\":\"********\",\"accept-language\":\"en-US,en;q=0.9\",\"accept-encoding\":\"gzip, deflate, br\",\"referer\":\"https:\\/\\/discord.com\\/\",\"sec-fetch-dest\":\"document\",\"sec-fetch-user\":\"?1\",\"sec-fetch-mode\":\"navigate\",\"sec-fetch-site\":\"cross-site\",\"accept\":\"text\\/html,application\\/xhtml+xml,application\\/xml;q=0.9,image\\/webp,image\\/apng,*\\/*;q=0.8,application\\/signed-exchange;v=b3;q=0.9\",\"user-agent\":\"Mozilla\\/5.0 (Linux; Android 10; ONEPLUS A6003) AppleWebKit\\/537.36 (KHTML, like Gecko) Chrome\\/88.0.4324.141 Mobile Safari\\/537.36\",\"dnt\":\"1\",\"upgrade-insecure-requests\":\"1\",\"host\":\"newworldsimracing.com\",\"content-length\":\"\",\"content-type\":\"\"},\"payload\":{\"code\":\"kfzEb9LcYiswT4bM3bdvpVg3tB3n0M\",\"state\":\"fF6l8SMbP8NqR5ystZpOUBi8mCsg4yeCpSu1NxWP\"},\"session\":{\"_token\":\"********\",\"url\":{\"intended\":\"https:\\/\\/newworldsimracing.com\\/event\\/20\"},\"_previous\":{\"url\":\"https:\\/\\/newworldsimracing.com\\/auth\\/callback?code=kfzEb9LcYiswT4bM3bdvpVg3tB3n0M&state=fF6l8SMbP8NqR5ystZpOUBi8mCsg4yeCpSu1NxWP\"},\"_flash\":{\"old\":[],\"new\":[]}},\"response_status\":500,\"response\":\"HTML Response\",\"duration\":1004,\"memory\":4,\"hostname\":\"accssa\"}','2021-02-04 14:51:13'),(315,'92a6f051-f1eb-423f-838f-e283fadedf38','92a6f051-f249-44f5-aeff-7cd46cf600c6',NULL,1,'request','{\"ip_address\":\"79.73.139.49\",\"uri\":\"\\/auth\\/callback?code=q4FMBQ0hIjOA1LubYHQIYqjZcUskCv&state=kJV4yN02QAg3HAMRKIfH0QOPWNKXKVbw4cRmgKwc\",\"method\":\"GET\",\"controller_action\":\"App\\\\Http\\\\Controllers\\\\Auth\\\\DiscordController@handleCallback\",\"middleware\":[\"web\"],\"headers\":{\"cookie\":\"********\",\"accept-language\":\"en-GB,en-US;q=0.9,en;q=0.8\",\"accept-encoding\":\"gzip, deflate, br\",\"referer\":\"https:\\/\\/discord.com\\/oauth2\\/authorize?client_id=781085158895124481&redirect_uri=https%3A%2F%2Fnewworldsimracing.com%2Fauth%2Fcallback&scope=email+identify+guilds&response_type=code&state=kJV4yN02QAg3HAMRKIfH0QOPWNKXKVbw4cRmgKwc\",\"sec-fetch-dest\":\"document\",\"sec-fetch-user\":\"?1\",\"sec-fetch-mode\":\"navigate\",\"sec-fetch-site\":\"cross-site\",\"accept\":\"text\\/html,application\\/xhtml+xml,application\\/xml;q=0.9,image\\/webp,image\\/apng,*\\/*;q=0.8,application\\/signed-exchange;v=b3;q=0.9\",\"user-agent\":\"Mozilla\\/5.0 (Linux; Android 10; SAMSUNG SM-G960F) AppleWebKit\\/537.36 (KHTML, like Gecko) SamsungBrowser\\/13.2 Chrome\\/83.0.4103.106 Mobile Safari\\/537.36\",\"upgrade-insecure-requests\":\"1\",\"host\":\"newworldsimracing.com\",\"content-length\":\"\",\"content-type\":\"\"},\"payload\":{\"code\":\"q4FMBQ0hIjOA1LubYHQIYqjZcUskCv\",\"state\":\"kJV4yN02QAg3HAMRKIfH0QOPWNKXKVbw4cRmgKwc\"},\"session\":{\"_token\":\"********\",\"_previous\":{\"url\":\"https:\\/\\/newworldsimracing.com\\/auth\\/callback?code=q4FMBQ0hIjOA1LubYHQIYqjZcUskCv&state=kJV4yN02QAg3HAMRKIfH0QOPWNKXKVbw4cRmgKwc\"},\"_flash\":{\"old\":[],\"new\":[]}},\"response_status\":500,\"response\":\"HTML Response\",\"duration\":778,\"memory\":4,\"hostname\":\"accssa\"}','2021-02-04 16:42:21'),(316,'92a6f066-5379-458b-bed6-4f5901877fef','92a6f066-53de-4bb2-bf95-a8390c6198c2',NULL,1,'request','{\"ip_address\":\"79.73.139.49\",\"uri\":\"\\/auth\\/callback?code=q4FMBQ0hIjOA1LubYHQIYqjZcUskCv&state=kJV4yN02QAg3HAMRKIfH0QOPWNKXKVbw4cRmgKwc\",\"method\":\"GET\",\"controller_action\":\"App\\\\Http\\\\Controllers\\\\Auth\\\\DiscordController@handleCallback\",\"middleware\":[\"web\"],\"headers\":{\"cookie\":\"********\",\"accept-encoding\":\"gzip, deflate, br\",\"sec-fetch-dest\":\"document\",\"sec-fetch-mode\":\"navigate\",\"sec-fetch-site\":\"none\",\"accept\":\"text\\/html,application\\/xhtml+xml,application\\/xml;q=0.9,image\\/webp,image\\/apng,*\\/*;q=0.8,application\\/signed-exchange;v=b3;q=0.9\",\"user-agent\":\"Mozilla\\/5.0 (Linux; Android 10; SAMSUNG SM-G960F) AppleWebKit\\/537.36 (KHTML, like Gecko) SamsungBrowser\\/13.2 Chrome\\/83.0.4103.106 Mobile Safari\\/537.36\",\"upgrade-insecure-requests\":\"1\",\"accept-language\":\"en-GB,en,en-US,en\",\"host\":\"newworldsimracing.com\",\"content-length\":\"\",\"content-type\":\"\"},\"payload\":{\"code\":\"q4FMBQ0hIjOA1LubYHQIYqjZcUskCv\",\"state\":\"kJV4yN02QAg3HAMRKIfH0QOPWNKXKVbw4cRmgKwc\"},\"session\":{\"_token\":\"********\",\"_previous\":{\"url\":\"https:\\/\\/newworldsimracing.com\\/auth\\/callback?code=q4FMBQ0hIjOA1LubYHQIYqjZcUskCv&state=kJV4yN02QAg3HAMRKIfH0QOPWNKXKVbw4cRmgKwc\"},\"_flash\":{\"old\":[],\"new\":[]}},\"response_status\":500,\"response\":\"HTML Response\",\"duration\":25,\"memory\":4,\"hostname\":\"accssa\"}','2021-02-04 16:42:34'),(317,'92a6f06a-3e22-4865-bf7a-58b330587581','92a6f06a-3e7d-47cb-a2f2-40fdc8ec0572',NULL,1,'request','{\"ip_address\":\"79.73.139.49\",\"uri\":\"\\/auth\\/callback?code=q4FMBQ0hIjOA1LubYHQIYqjZcUskCv&state=kJV4yN02QAg3HAMRKIfH0QOPWNKXKVbw4cRmgKwc\",\"method\":\"GET\",\"controller_action\":\"App\\\\Http\\\\Controllers\\\\Auth\\\\DiscordController@handleCallback\",\"middleware\":[\"web\"],\"headers\":{\"cookie\":\"********\",\"accept-encoding\":\"gzip, deflate, br\",\"sec-fetch-dest\":\"document\",\"sec-fetch-user\":\"?1\",\"sec-fetch-mode\":\"navigate\",\"sec-fetch-site\":\"none\",\"accept\":\"text\\/html,application\\/xhtml+xml,application\\/xml;q=0.9,image\\/webp,image\\/apng,*\\/*;q=0.8,application\\/signed-exchange;v=b3;q=0.9\",\"user-agent\":\"Mozilla\\/5.0 (Linux; Android 10; SAMSUNG SM-G960F) AppleWebKit\\/537.36 (KHTML, like Gecko) SamsungBrowser\\/13.2 Chrome\\/83.0.4103.106 Mobile Safari\\/537.36\",\"upgrade-insecure-requests\":\"1\",\"accept-language\":\"en-GB,en,en-US,en\",\"cache-control\":\"max-age=0\",\"host\":\"newworldsimracing.com\",\"content-length\":\"\",\"content-type\":\"\"},\"payload\":{\"code\":\"q4FMBQ0hIjOA1LubYHQIYqjZcUskCv\",\"state\":\"kJV4yN02QAg3HAMRKIfH0QOPWNKXKVbw4cRmgKwc\"},\"session\":{\"_token\":\"********\",\"_previous\":{\"url\":\"https:\\/\\/newworldsimracing.com\\/auth\\/callback?code=q4FMBQ0hIjOA1LubYHQIYqjZcUskCv&state=kJV4yN02QAg3HAMRKIfH0QOPWNKXKVbw4cRmgKwc\"},\"_flash\":{\"old\":[],\"new\":[]}},\"response_status\":500,\"response\":\"HTML Response\",\"duration\":27,\"memory\":4,\"hostname\":\"accssa\"}','2021-02-04 16:42:37'),(318,'92a6f0dd-9e28-4dfb-a990-d8c9a076e19b','92a6f0dd-9e89-43cd-82b7-5c5c07314bef',NULL,1,'request','{\"ip_address\":\"79.73.139.49\",\"uri\":\"\\/auth\\/callback?code=NEdd1ZJNK4EJQrcEmjHBTgBwLJnkx7&state=iG8NC1wvuLQV7LkEomABUk45B0uNmMmdhW2sNAkm\",\"method\":\"GET\",\"controller_action\":\"App\\\\Http\\\\Controllers\\\\Auth\\\\DiscordController@handleCallback\",\"middleware\":[\"web\"],\"headers\":{\"cookie\":\"********\",\"accept-language\":\"en-GB,en-US;q=0.9,en;q=0.8\",\"accept-encoding\":\"gzip, deflate, br\",\"referer\":\"https:\\/\\/discord.com\\/oauth2\\/authorize?client_id=781085158895124481&redirect_uri=https%3A%2F%2Fnewworldsimracing.com%2Fauth%2Fcallback&scope=email+identify+guilds&response_type=code&state=iG8NC1wvuLQV7LkEomABUk45B0uNmMmdhW2sNAkm\",\"sec-fetch-dest\":\"document\",\"sec-fetch-user\":\"?1\",\"sec-fetch-mode\":\"navigate\",\"sec-fetch-site\":\"cross-site\",\"accept\":\"text\\/html,application\\/xhtml+xml,application\\/xml;q=0.9,image\\/webp,image\\/apng,*\\/*;q=0.8,application\\/signed-exchange;v=b3;q=0.9\",\"user-agent\":\"Mozilla\\/5.0 (Linux; Android 10; SAMSUNG SM-G960F) AppleWebKit\\/537.36 (KHTML, like Gecko) SamsungBrowser\\/13.2 Chrome\\/83.0.4103.106 Mobile Safari\\/537.36\",\"upgrade-insecure-requests\":\"1\",\"host\":\"newworldsimracing.com\",\"content-length\":\"\",\"content-type\":\"\"},\"payload\":{\"code\":\"NEdd1ZJNK4EJQrcEmjHBTgBwLJnkx7\",\"state\":\"iG8NC1wvuLQV7LkEomABUk45B0uNmMmdhW2sNAkm\"},\"session\":{\"_token\":\"********\",\"_previous\":{\"url\":\"https:\\/\\/newworldsimracing.com\\/auth\\/callback?code=NEdd1ZJNK4EJQrcEmjHBTgBwLJnkx7&state=iG8NC1wvuLQV7LkEomABUk45B0uNmMmdhW2sNAkm\"},\"_flash\":{\"old\":[],\"new\":[]},\"url\":{\"intended\":\"https:\\/\\/newworldsimracing.com\\/user\"}},\"response_status\":500,\"response\":\"HTML Response\",\"duration\":891,\"memory\":2,\"hostname\":\"accssa\"}','2021-02-04 16:43:52'),(319,'92a74768-6527-4aa3-ba3e-4a80ed7edafa','92a74768-658c-49cf-971e-e213bcc8f5f0',NULL,1,'request','{\"ip_address\":\"201.192.138.66\",\"uri\":\"\\/auth\\/callback?code=1PfA33r42WVDljAvORxgBdeIsvweA1&state=NXMkIHTljWQq82YIGqO77OejJUTGljI8Ji4SEm3n\",\"method\":\"GET\",\"controller_action\":\"App\\\\Http\\\\Controllers\\\\Auth\\\\DiscordController@handleCallback\",\"middleware\":[\"web\"],\"headers\":{\"cookie\":\"********\",\"accept-language\":\"es-US,es;q=0.9,en-US;q=0.8,en;q=0.7,es-419;q=0.6,und;q=0.5,fr;q=0.4\",\"accept-encoding\":\"gzip, deflate, br\",\"referer\":\"https:\\/\\/discord.com\\/\",\"sec-fetch-dest\":\"document\",\"sec-fetch-user\":\"?1\",\"sec-fetch-mode\":\"navigate\",\"sec-fetch-site\":\"cross-site\",\"accept\":\"text\\/html,application\\/xhtml+xml,application\\/xml;q=0.9,image\\/avif,image\\/webp,image\\/apng,*\\/*;q=0.8,application\\/signed-exchange;v=b3;q=0.9\",\"user-agent\":\"Mozilla\\/5.0 (Windows NT 10.0; Win64; x64) AppleWebKit\\/537.36 (KHTML, like Gecko) Chrome\\/88.0.4324.104 Safari\\/537.36\",\"upgrade-insecure-requests\":\"1\",\"sec-ch-ua-mobile\":\"?0\",\"sec-ch-ua\":\"\\\"Chromium\\\";v=\\\"88\\\", \\\"Google Chrome\\\";v=\\\"88\\\", \\\";Not A Brand\\\";v=\\\"99\\\"\",\"host\":\"newworldsimracing.com\",\"content-length\":\"\",\"content-type\":\"\"},\"payload\":{\"code\":\"1PfA33r42WVDljAvORxgBdeIsvweA1\",\"state\":\"NXMkIHTljWQq82YIGqO77OejJUTGljI8Ji4SEm3n\"},\"session\":{\"_token\":\"********\",\"url\":{\"intended\":\"https:\\/\\/newworldsimracing.com\\/user\"},\"_previous\":{\"url\":\"https:\\/\\/newworldsimracing.com\\/auth\\/callback?code=1PfA33r42WVDljAvORxgBdeIsvweA1&state=NXMkIHTljWQq82YIGqO77OejJUTGljI8Ji4SEm3n\"},\"_flash\":{\"old\":[],\"new\":[]}},\"response_status\":500,\"response\":\"HTML Response\",\"duration\":898,\"memory\":2,\"hostname\":\"accssa\"}','2021-02-04 20:45:52'),(320,'92a7478f-5b2e-4739-821a-fcd614290728','92a7478f-5b8e-47a0-889a-ebcf7b1337f6',NULL,1,'request','{\"ip_address\":\"201.192.138.66\",\"uri\":\"\\/auth\\/callback?code=2cCanYgHVEAGE5vcFgsxcpgNkcKdqZ&state=NXMkIHTljWQq82YIGqO77OejJUTGljI8Ji4SEm3n\",\"method\":\"GET\",\"controller_action\":\"App\\\\Http\\\\Controllers\\\\Auth\\\\DiscordController@handleCallback\",\"middleware\":[\"web\"],\"headers\":{\"cookie\":\"********\",\"accept-language\":\"es-US,es;q=0.9,en-US;q=0.8,en;q=0.7,es-419;q=0.6,und;q=0.5,fr;q=0.4\",\"accept-encoding\":\"gzip, deflate, br\",\"referer\":\"https:\\/\\/discord.com\\/\",\"sec-fetch-dest\":\"document\",\"sec-fetch-user\":\"?1\",\"sec-fetch-mode\":\"navigate\",\"sec-fetch-site\":\"cross-site\",\"accept\":\"text\\/html,application\\/xhtml+xml,application\\/xml;q=0.9,image\\/avif,image\\/webp,image\\/apng,*\\/*;q=0.8,application\\/signed-exchange;v=b3;q=0.9\",\"user-agent\":\"Mozilla\\/5.0 (Windows NT 10.0; Win64; x64) AppleWebKit\\/537.36 (KHTML, like Gecko) Chrome\\/88.0.4324.104 Safari\\/537.36\",\"upgrade-insecure-requests\":\"1\",\"sec-ch-ua-mobile\":\"?0\",\"sec-ch-ua\":\"\\\"Chromium\\\";v=\\\"88\\\", \\\"Google Chrome\\\";v=\\\"88\\\", \\\";Not A Brand\\\";v=\\\"99\\\"\",\"host\":\"newworldsimracing.com\",\"content-length\":\"\",\"content-type\":\"\"},\"payload\":{\"code\":\"2cCanYgHVEAGE5vcFgsxcpgNkcKdqZ\",\"state\":\"NXMkIHTljWQq82YIGqO77OejJUTGljI8Ji4SEm3n\"},\"session\":{\"_token\":\"********\",\"url\":{\"intended\":\"https:\\/\\/newworldsimracing.com\\/user\"},\"_previous\":{\"url\":\"https:\\/\\/newworldsimracing.com\\/auth\\/callback?code=2cCanYgHVEAGE5vcFgsxcpgNkcKdqZ&state=NXMkIHTljWQq82YIGqO77OejJUTGljI8Ji4SEm3n\"},\"_flash\":{\"old\":[],\"new\":[]}},\"response_status\":500,\"response\":\"HTML Response\",\"duration\":24,\"memory\":4,\"hostname\":\"accssa\"}','2021-02-04 20:46:17'),(321,'92a7489d-8529-4477-8aaf-9eb737b22599','92a7489d-8591-4b15-b4cc-5aefa6c9bff0',NULL,1,'request','{\"ip_address\":\"201.192.138.66\",\"uri\":\"\\/auth\\/callback?code=kg0yGORX7QW10GPSlTo3TIiBl1ThhR&state=0fzCbNimy70jPSZCO56aaLi7Y3LQtOOqgjRTdmeo\",\"method\":\"GET\",\"controller_action\":\"App\\\\Http\\\\Controllers\\\\Auth\\\\DiscordController@handleCallback\",\"middleware\":[\"web\"],\"headers\":{\"cookie\":\"********\",\"accept-language\":\"es-US,es;q=0.9,en-US;q=0.8,en;q=0.7,es-419;q=0.6,und;q=0.5,fr;q=0.4\",\"accept-encoding\":\"gzip, deflate, br\",\"referer\":\"https:\\/\\/discord.com\\/\",\"sec-fetch-dest\":\"document\",\"sec-fetch-user\":\"?1\",\"sec-fetch-mode\":\"navigate\",\"sec-fetch-site\":\"cross-site\",\"accept\":\"text\\/html,application\\/xhtml+xml,application\\/xml;q=0.9,image\\/avif,image\\/webp,image\\/apng,*\\/*;q=0.8,application\\/signed-exchange;v=b3;q=0.9\",\"user-agent\":\"Mozilla\\/5.0 (Windows NT 10.0; Win64; x64) AppleWebKit\\/537.36 (KHTML, like Gecko) Chrome\\/88.0.4324.104 Safari\\/537.36\",\"upgrade-insecure-requests\":\"1\",\"sec-ch-ua-mobile\":\"?0\",\"sec-ch-ua\":\"\\\"Chromium\\\";v=\\\"88\\\", \\\"Google Chrome\\\";v=\\\"88\\\", \\\";Not A Brand\\\";v=\\\"99\\\"\",\"host\":\"newworldsimracing.com\",\"content-length\":\"\",\"content-type\":\"\"},\"payload\":{\"code\":\"kg0yGORX7QW10GPSlTo3TIiBl1ThhR\",\"state\":\"0fzCbNimy70jPSZCO56aaLi7Y3LQtOOqgjRTdmeo\"},\"session\":{\"_token\":\"********\",\"url\":{\"intended\":\"https:\\/\\/newworldsimracing.com\\/user\"},\"_previous\":{\"url\":\"https:\\/\\/newworldsimracing.com\\/auth\\/callback?code=kg0yGORX7QW10GPSlTo3TIiBl1ThhR&state=0fzCbNimy70jPSZCO56aaLi7Y3LQtOOqgjRTdmeo\"},\"_flash\":{\"old\":[],\"new\":[]}},\"response_status\":500,\"response\":\"HTML Response\",\"duration\":794,\"memory\":2,\"hostname\":\"accssa\"}','2021-02-04 20:49:14'),(322,'92a78cdb-2aec-4519-a3de-c4b21b4eb2d1','92a78cdd-9011-4426-a38c-772d9b0028fc',NULL,1,'schedule','{\"command\":\"\'\\/usr\\/bin\\/php7.4\' \'artisan\' telescope:prune\",\"description\":null,\"expression\":\"0 0 * * *\",\"timezone\":\"UTC\",\"user\":null,\"output\":\"\",\"hostname\":\"accssa\"}','2021-02-05 00:00:03'),(323,'92a78cdd-8fb1-4c44-8b97-32e33f7652db','92a78cdd-9011-4426-a38c-772d9b0028fc',NULL,1,'schedule','{\"command\":\"\'\\/usr\\/bin\\/php7.4\' \'artisan\' sgp:reject-applications\",\"description\":null,\"expression\":\"0 0 * * *\",\"timezone\":\"UTC\",\"user\":null,\"output\":\"\",\"hostname\":\"accssa\"}','2021-02-05 00:00:05');
/*!40000 ALTER TABLE `telescope_entries` ENABLE KEYS */;
UNLOCK TABLES;

--
-- Table structure for table `telescope_entries_tags`
--

DROP TABLE IF EXISTS `telescope_entries_tags`;
/*!40101 SET @saved_cs_client     = @@character_set_client */;
/*!50503 SET character_set_client = utf8mb4 */;
CREATE TABLE `telescope_entries_tags` (
  `entry_uuid` char(36) COLLATE utf8mb4_unicode_ci NOT NULL,
  `tag` varchar(255) COLLATE utf8mb4_unicode_ci NOT NULL,
  KEY `telescope_entries_tags_entry_uuid_tag_index` (`entry_uuid`,`tag`),
  KEY `telescope_entries_tags_tag_index` (`tag`),
  CONSTRAINT `telescope_entries_tags_entry_uuid_foreign` FOREIGN KEY (`entry_uuid`) REFERENCES `telescope_entries` (`uuid`) ON DELETE CASCADE
) ENGINE=InnoDB DEFAULT CHARSET=utf8mb4 COLLATE=utf8mb4_unicode_ci;
/*!40101 SET character_set_client = @saved_cs_client */;

--
-- Dumping data for table `telescope_entries_tags`
--

LOCK TABLES `telescope_entries_tags` WRITE;
/*!40000 ALTER TABLE `telescope_entries_tags` DISABLE KEYS */;
/*!40000 ALTER TABLE `telescope_entries_tags` ENABLE KEYS */;
UNLOCK TABLES;

--
-- Table structure for table `telescope_monitoring`
--

DROP TABLE IF EXISTS `telescope_monitoring`;
/*!40101 SET @saved_cs_client     = @@character_set_client */;
/*!50503 SET character_set_client = utf8mb4 */;
CREATE TABLE `telescope_monitoring` (
  `tag` varchar(255) COLLATE utf8mb4_unicode_ci NOT NULL
) ENGINE=InnoDB DEFAULT CHARSET=utf8mb4 COLLATE=utf8mb4_unicode_ci;
/*!40101 SET character_set_client = @saved_cs_client */;

--
-- Dumping data for table `telescope_monitoring`
--

LOCK TABLES `telescope_monitoring` WRITE;
/*!40000 ALTER TABLE `telescope_monitoring` DISABLE KEYS */;
/*!40000 ALTER TABLE `telescope_monitoring` ENABLE KEYS */;
UNLOCK TABLES;

--
-- Table structure for table `users`
--

DROP TABLE IF EXISTS `users`;
/*!40101 SET @saved_cs_client     = @@character_set_client */;
/*!50503 SET character_set_client = utf8mb4 */;
CREATE TABLE `users` (
  `id` bigint unsigned NOT NULL AUTO_INCREMENT,
  `name` varchar(255) CHARACTER SET utf8mb4 COLLATE utf8mb4_unicode_ci NOT NULL,
  `driver_id` bigint unsigned NOT NULL,
  `email` varchar(255) CHARACTER SET utf8mb4 COLLATE utf8mb4_unicode_ci NOT NULL,
  `email_verified_at` timestamp NULL DEFAULT NULL,
  `password` varchar(255) CHARACTER SET utf8mb4 COLLATE utf8mb4_unicode_ci NOT NULL,
  `two_factor_secret` text CHARACTER SET utf8mb4 COLLATE utf8mb4_unicode_ci,
  `two_factor_recovery_codes` text CHARACTER SET utf8mb4 COLLATE utf8mb4_unicode_ci,
  `remember_token` varchar(100) CHARACTER SET utf8mb4 COLLATE utf8mb4_unicode_ci DEFAULT NULL,
  `created_at` timestamp NULL DEFAULT NULL,
  `updated_at` timestamp NULL DEFAULT NULL,
  `discord_user_id` varchar(255) COLLATE utf8mb4_unicode_ci DEFAULT NULL,
  `discord_private_channel_id` varchar(255) COLLATE utf8mb4_unicode_ci DEFAULT NULL,
  PRIMARY KEY (`id`),
  UNIQUE KEY `users_email_unique` (`email`)
) ENGINE=InnoDB AUTO_INCREMENT=57 DEFAULT CHARSET=utf8mb4 COLLATE=utf8mb4_unicode_ci;
/*!40101 SET character_set_client = @saved_cs_client */;

--
-- Dumping data for table `users`
--

LOCK TABLES `users` WRITE;
/*!40000 ALTER TABLE `users` DISABLE KEYS */;
INSERT INTO `users` VALUES (1,'Dale Carter',10,'xthedalex@gmail.com',NULL,'$2y$10$gDFfntMZ3ORa1pPmZQ/2EuoO3Fabl4h5EMsknLpAQvs0DYUkWGJbq',NULL,NULL,NULL,'2020-10-24 04:50:20','2020-10-24 04:50:20',NULL,NULL),(2,'Chris Turner',18,'headsdesignz@gmail.com',NULL,'$2y$10$5PgmRBYOwkkmajWmdAEkVO0Wr69A4RA.rDdU3j8GoQcEZHEWY6K8q',NULL,NULL,NULL,'2020-11-13 12:49:56','2020-11-13 12:49:56',NULL,NULL),(3,'Fares Saidi',5,'faressaidi93@gmail.com',NULL,'$2y$10$I3VLJqAlc3b25AswS0bd6Obf60dOi/16GhhHxL3aX0qTix03s/gsK',NULL,NULL,NULL,'2020-11-14 00:56:34','2020-11-14 00:56:34',NULL,NULL),(4,'Paul Cantea',6,'pcantea@gmail.com',NULL,'$2y$10$8mnSr2dU8q58EoTUCdmvyekWh/YCKB8V8dGACGXjk0tJD8hY1eoj2',NULL,NULL,NULL,'2020-11-14 19:28:00','2020-11-14 19:28:00',NULL,NULL),(5,'Andrew Small',53,'awsmall524@gmail.com',NULL,'$2y$10$.vicPj2qg69Q4G.8Hs8qpenBVLu3u1Hb6.2bZ4W7ILzCvK9M4zHxO',NULL,NULL,NULL,'2020-11-14 19:39:22','2020-11-14 19:39:22',NULL,NULL),(6,'Thiago Alves',27,'tgoalves12@hotmail.com',NULL,'$2y$10$kIzxnhsmmTwYAkOUpx5N.eCOH8Y148qZaZylX7a6gHaRFSWgeQpRq',NULL,NULL,NULL,'2020-11-14 19:47:45','2020-11-14 19:47:45',NULL,NULL),(7,'Kevin Braun',47,'kev.braun@gmail.com',NULL,'$2y$10$H.ZfReG0/zBmDtwXhGicQOl.kkFtjXh0qd1zKM6nsUDm4Bcjo1wlu',NULL,NULL,NULL,'2020-11-14 19:54:33','2020-11-14 19:54:33',NULL,NULL),(8,'Daniel Bradford',54,'DanBradford@TAfool.com',NULL,'$2y$10$i5s/aMBWcjHuDuDvcafoo.G.l4.bityr6WxEZMvnAgWt7AZQ0DHOS',NULL,NULL,NULL,'2020-11-14 20:03:02','2020-11-14 20:03:02',NULL,NULL),(9,'Nick Kohout',1,'nkohout@gmail.com',NULL,'$2y$10$ODamUE6Ymr1I9LH4DOKfYOhw0aR1Jhpey68RpA0qF7ZOjhE5X0I7K',NULL,NULL,NULL,'2020-11-14 20:03:11','2020-11-14 20:03:11',NULL,NULL),(10,'Brendan McVeigh',13,'Shrynn@gmail.com',NULL,'$2y$10$4ThZPv2tzhxO9sKrsr7ejuRdds2canwG/erhgqw2BBmKfYSr2VtSe',NULL,NULL,NULL,'2020-11-14 20:12:24','2020-11-14 20:12:24',NULL,NULL),(11,'John Jorgensen',56,'onesourcegaming@gmail.com',NULL,'$2y$10$4K3VKkk85B/1mw5DfSlDHOmFbQz/Fknn3DiXi2UjyEFDo77lgzedW',NULL,NULL,NULL,'2020-11-14 20:18:10','2020-11-14 20:18:10',NULL,NULL),(12,'Ryan Cody',52,'fyrfox5@gmail.com',NULL,'$2y$10$S39wrpOFZGZmdR/aWmA5Su7kD4gal.5MtqO4OsC7E44H/ykQqUKMG',NULL,NULL,NULL,'2020-11-14 20:49:50','2020-11-14 20:49:50',NULL,NULL),(13,'Ethan Spitz',39,'ethan.spitz@gmail.com',NULL,'$2y$10$qRd9r5fk0jH18/CxTbqiM.o09YnntVBUZk7u2wU.58kYqc3Hnu54S',NULL,NULL,NULL,'2020-11-14 21:05:19','2020-11-14 21:05:19',NULL,NULL),(14,'Hans Woestenborg',16,'woessimracing@gmail.com',NULL,'$2y$10$6Y/R.sPc.TOzceLzAt15EOU/bL8Znk3NDnXczSOLJkxOSO6uS2LaG',NULL,NULL,NULL,'2020-11-14 21:21:22','2020-11-14 21:21:22',NULL,NULL),(15,'Max Diggs',14,'maxdiggs99@gmail.com',NULL,'$2y$10$NXmQazlR4s6b4.M/ILArluCwupMrCdRrZZB.DlvgJGsEJEylFJ2Gi',NULL,NULL,NULL,'2020-11-14 21:23:35','2020-11-14 21:23:35',NULL,NULL),(16,'Paul  Miles',12,'milothefirst@hotmail.com',NULL,'$2y$10$ujp5F2A6XSVLlDIb0Hf7KuSeCXFCHnmhaHkTaP3fOwttyRvFt7pkG',NULL,NULL,NULL,'2020-11-14 21:29:54','2021-01-09 20:47:54',NULL,NULL),(17,'Nicolas Alvarado',41,'robertitoelastrofisico@gmail.com',NULL,'$2y$10$/4EOmSkqZxvzkJSnptEB7Ob3KcGCGQHHkTLZBd/2anl4yfuQxHKtG',NULL,NULL,NULL,'2020-11-14 21:44:27','2020-11-14 21:44:27',NULL,NULL),(18,'Bryan Curzon',8,'bk_curzon@hotmail.com',NULL,'$2y$10$PYE.pR5F8PpJqbCW50ae7uyH/wXLgrQitHkWEGBc.o5fLYI5rw9Le',NULL,NULL,NULL,'2020-11-14 22:10:32','2021-01-07 15:53:14',NULL,NULL),(19,'Dylan Beveridge',7,'dmbeveridge@gmail.com',NULL,'$2y$10$V3c74coA9tQlD4NlB/aPou9h62UktSSl7IBatJ7yTatOpwoXkjYJ2',NULL,NULL,NULL,'2020-11-14 22:41:30','2020-11-14 22:41:30',NULL,NULL),(20,'Erik Groome',26,'erik.groome@gmail.com',NULL,'$2y$10$1RnR1Le5mh0TiFzNqnQsC.aSapc5z/O1u2QZnhKhHDnzWOpOvecH2',NULL,NULL,NULL,'2020-11-14 23:13:44','2020-11-14 23:13:44',NULL,NULL),(21,'Joseph Savage',51,'Joeysavage24@gmail.com',NULL,'$2y$10$b28QmzvEhgHwiGPopTCsn.smZjaPEAgSNmfO/HEul0wdJa2hUFEiG',NULL,NULL,NULL,'2020-11-14 23:41:01','2020-11-14 23:41:01',NULL,NULL),(22,'Bruce Hopkins',34,'bruhop89@gmail.com',NULL,'$2y$10$JpWyViB7.VkNdbFlluPYKOsLmqs/mhRt/0SXgCd7pzlgJH/DcoW72',NULL,NULL,NULL,'2020-11-15 00:55:33','2020-11-15 00:55:33',NULL,NULL),(23,'Dylan Sauer',9,'dylansauer@yahoo.com',NULL,'$2y$10$JI/KkCqd5gpmceAl9ysbmuXNp3rwi0eWmb4tRG6HjTzyxTloKu.ee',NULL,NULL,NULL,'2020-11-16 01:13:03','2020-11-16 01:13:03',NULL,NULL),(24,'Gary Allen',22,'mrgrumpyca@ca95148.com',NULL,'$2y$10$kfe6tVPSxJtW0yFzx6KJhOgOKFeOiDIdCTuWxn6j1PY7JAlUuQRt2',NULL,NULL,NULL,'2020-11-16 01:47:54','2020-11-16 01:47:54',NULL,NULL),(25,'bruno belny',28,'brunobelny@gmail.com',NULL,'$2y$10$jWxzwiLFRws5yFmrz.K1Q.Gb/K/2payZGlG.K/frAi4svMgmkJRYG',NULL,NULL,NULL,'2020-11-16 03:04:46','2020-11-16 03:04:46',NULL,NULL),(26,'Mike Dougherty',24,'miked270@gmail.com',NULL,'$2y$10$2vY3ni.5pCeywC6BIrYe.ug.yzyFv782dNpmjvST5T2IXVhg75iWa',NULL,NULL,NULL,'2020-11-16 05:03:35','2020-11-16 05:03:35',NULL,NULL),(27,'Christopher Cox',55,'chrisc795@gmail.com',NULL,'$2y$10$7Lw03dT.ghzeAZf2kuolmu9AHiNHUpVpKUv1/Hg7JQfmPGR2GRo1e',NULL,NULL,NULL,'2020-11-16 18:39:12','2020-11-16 18:39:12',NULL,NULL),(28,'eric blumenkrantz',36,'eric@kennedy-intl.com',NULL,'$2y$10$4hibG5bmg1IYb9krBUSdJepwHT3lN1gkqS0fHtSSC1oNlsGsaqoGK',NULL,NULL,NULL,'2020-11-16 18:56:04','2020-11-16 18:56:04',NULL,NULL),(29,'Daniel Lee',57,'deadmtrigger@gmail.com',NULL,'$2y$10$HgKsZHAVndSi67/37DTl2uC757WKBfr0u/ev7Dvq7glgtyNAYriNC',NULL,NULL,NULL,'2020-11-17 01:39:40','2020-11-17 01:39:40',NULL,NULL),(30,'Keith Griffall',23,'kgriffall@gmail.com',NULL,'$2y$10$3hf2HAOD5ssOhvcbN/W8EuxNaRNmnE.yY7/iNxwkZ4OWukxDUzR06',NULL,NULL,NULL,'2020-11-22 18:26:23','2020-11-22 18:26:23',NULL,NULL),(31,'Scott Chin',25,'chinsg@gmail.com',NULL,'$2y$10$M3f5As37rK1H.T1Kmq/XnOBeKXFlJrihZzAnyvbhoXwXKCjPDfN6K',NULL,NULL,NULL,'2020-11-23 01:13:11','2020-11-23 01:13:11',NULL,NULL),(32,'Rob Bedford',59,'s0nd3r13@gmail.com',NULL,'$2y$10$7t01XMfyrLsoBUYv/75qxOeNVCMLAdW1WxnGpriCv0d5kP16jBbV2',NULL,NULL,NULL,'2020-11-25 14:39:25','2021-01-13 16:35:41',NULL,NULL),(33,'Carl Bigg',31,'mrblack0ut81@gmail.com',NULL,'$2y$10$a6Qp95NlcGyarETqNxBoJuWY/5y7t1hycpsvxVNt7Vdi9pBTpvKcO',NULL,NULL,NULL,'2020-11-25 16:23:15','2020-11-25 16:23:15',NULL,NULL),(34,'Colin Mcleod',42,'colin.mcleodgkr@googlemail.com',NULL,'$2y$10$t83yDCZ7oW6REAp2JHL6COse35NT8.fPYUNYBbNc2W5Z0N4DUZHEa',NULL,NULL,NULL,'2020-11-26 01:57:34','2020-11-26 01:57:34',NULL,NULL),(35,'David Wirch',30,'grueber54@gmail.com',NULL,'$2y$10$5Gi/LqgcRpZcdWMEe5z1.OvWjhiSPnknlc04w1wPMOAEYjXMtjS8S',NULL,NULL,NULL,'2020-11-26 05:43:16','2020-11-26 05:43:16',NULL,NULL),(36,'Vash Konnor',43,'vash.konnor@gmail.com',NULL,'$2y$10$puSrOw.nfcYfC9x8aK6YlOUE0FG1X2M0/olSlNLpLFSx/loxynKuy',NULL,NULL,NULL,'2020-11-26 21:49:01','2020-11-26 21:49:01',NULL,NULL),(37,'Ge Gray',61,'wdnhorse@cox.net',NULL,'$2y$10$ab.zR/s/LfCExkxej1Ps8Oj4XVJnzld3NFmWs6Y.1lB09T60S.YK6',NULL,NULL,NULL,'2020-11-28 17:42:45','2020-11-28 17:42:45',NULL,NULL),(38,'Thomas Atkins',46,'contact@thomas-atkins.com',NULL,'$2y$10$zc8Hl4OUV0.9JAbFDEZ/ZuqQr52NK1tfSkI1nLFh4ANkrs2TTst4.',NULL,NULL,NULL,'2020-11-28 20:26:08','2020-11-28 20:26:08',NULL,NULL),(39,'Peter Bustraan',17,'peter@bustraan.com',NULL,'$2y$10$ERwQ9yjCUvdXxNCAzs2vD.1ju/6d3f7yGb28IENe7rhriNNkIPKWW',NULL,NULL,NULL,'2020-11-30 06:34:18','2020-11-30 06:34:18',NULL,NULL),(40,'Joe Server',11,'joe@jserver.io',NULL,'$2y$10$1e7s/9x3ntXQ0GHkliKcRO2XZWRxdi7tPwOW39uxJLsQO47Fj5Ufq',NULL,NULL,NULL,'2020-12-02 04:39:07','2020-12-02 04:39:07',NULL,NULL),(41,'Chris Davies',49,'thespringbuck@gmail.com',NULL,'$2y$10$wH3AL3oFpb20MMNgPnGu0.oM2jDg.ehOCppP/Wq3hjXlhUsVsiMHG',NULL,NULL,NULL,'2020-12-03 18:59:45','2020-12-03 18:59:45',NULL,NULL),(42,'Mike Wyatt',58,'mjw9847@gmail.com',NULL,'$2y$10$RYPbk8nckztx3WkCFlND5.Q8OddSJ7NozgIvu5dcrbkhahQrmXrX2',NULL,NULL,NULL,'2020-12-03 19:25:17','2020-12-03 19:25:17',NULL,NULL),(43,'Bryan Yang',65,'byang223@gmail.com',NULL,'$2y$10$1JkuBwQJoJV4fO7UffDqJe5yiN9IabG6pS0KxCabNI5S9eJbcQgNa',NULL,NULL,NULL,'2020-12-04 09:17:14','2020-12-04 09:17:14',NULL,NULL),(44,'Justin Sylvestal',3,'justinsylvestal@gmail.com',NULL,'$2y$10$/lc.skeGdZQes2b.27B8uuOl.iXjbJfHoOcqkU8Tp8ZQCCOPTDseu',NULL,NULL,NULL,'2020-12-07 14:54:10','2020-12-07 14:54:10',NULL,NULL),(45,'Mike Jackson',67,'racerx6311@gmail.com',NULL,'$2y$10$wWQrF7MoJHIWCPOJ33b7ief8i3EJMoLcGo3/QuwYBnx0tTx9cvGoi',NULL,NULL,NULL,'2020-12-12 22:50:29','2021-01-09 21:02:57',NULL,NULL),(46,'josh herrin',68,'josh.herrin215@gmail.com',NULL,'$2y$10$Y2L1TOTi7cTDrGbyOX9LXuHDshFL.FBrQ6jznEgT9OKwrMuqxIBky',NULL,NULL,NULL,'2020-12-13 00:01:35','2020-12-13 00:01:35',NULL,NULL),(47,'Peter Hueck',48,'peterhueck@hotmail.com',NULL,'$2y$10$owd.tmaGaqom05Pl9jBWQ.rlq.x8iWvLQlQpjFfSqPN7U58vq0gSq',NULL,NULL,NULL,'2020-12-13 22:48:32','2020-12-13 22:48:32',NULL,NULL),(48,'Felipe Sikansi',69,'felipe.sikansi@gmail.com',NULL,'$2y$10$zmqaWKJlrern2cD46OdI6OOTK2GlDAUHFBX54.ryMwUBNk2XtJXxO',NULL,NULL,NULL,'2020-12-13 22:50:27','2020-12-13 22:50:27',NULL,NULL),(49,'Dan Terry',72,'dan.j.p.terry@hotmail.com',NULL,'$2y$10$jsexZqngaH6OR2Q3N8S/HulBKwAz9mqnwj9ROyCKkrZxh4cKUS6Qq',NULL,NULL,NULL,'2020-12-25 09:24:04','2021-01-14 16:39:39',NULL,NULL),(50,'Philip Menzies',73,'Philip3242@hotmail.com',NULL,'$2y$10$OIcaGAWP8/oJ074j2l4gO.InWOn88zbSAnSyEVzNIsb1yveOA/nqi',NULL,NULL,NULL,'2021-01-10 18:19:21','2021-01-10 18:19:21',NULL,NULL),(51,'David Miller',74,'david3d@gmail.com',NULL,'$2y$10$qlppRQRTgiQMPTxuXaNn2.764xVETqF7osOTlBOos6rn1iZqac9F6',NULL,NULL,NULL,'2021-01-11 00:36:16','2021-01-11 00:36:16',NULL,NULL),(52,'Terry Farish',75,'Terry.Farish@thepitcrew.co.uk',NULL,'$2y$10$zOimWkAogGMAwT0jJnDc/OkURQ15CoXSPJVBRBmWag8p.9qrvRQBm',NULL,NULL,NULL,'2021-01-13 15:44:40','2021-01-13 15:44:40',NULL,NULL),(53,'Raz Shaw',76,'razdjp@gmail.com',NULL,'$2y$10$XK/V.Y7s.sn2CHGzUMBlNumdIN.QJd6mM4NAbF7MITYA04X8C.wBW',NULL,NULL,NULL,'2021-01-15 13:27:41','2021-01-15 13:27:41',NULL,NULL),(54,'Stephen DeRouen',77,'maguyverjr@gmail.com',NULL,'$2y$10$DKLJ1.SQn5AphDk.l5RWPeFhJ1GAM0dePTNVHKSGO9Lt63wQuVB8i',NULL,NULL,NULL,'2021-01-17 18:24:20','2021-01-17 18:24:20',NULL,NULL),(55,'Michael Luecke',40,'mpluecke@gmail.com',NULL,'$2y$10$oQKPeJqyuJun.66BAE6x3ubgjCpULWYs2KlUeKmBSPfx5yQWl7ee2',NULL,NULL,NULL,'2021-01-31 18:35:45','2021-01-31 18:35:45',NULL,NULL),(56,'Jean Salas',79,'jeansalas19@gmail.com',NULL,'$2y$10$8D4q83tnh2B42U6HHJQXM.ybHgzWsXF0wy.hNQSP4/BSsT0LsH1Iq',NULL,NULL,NULL,'2021-02-04 21:32:24','2021-02-04 21:32:24',NULL,NULL);
/*!40000 ALTER TABLE `users` ENABLE KEYS */;
UNLOCK TABLES;
/*!40103 SET TIME_ZONE=@OLD_TIME_ZONE */;

/*!40101 SET SQL_MODE=@OLD_SQL_MODE */;
/*!40014 SET FOREIGN_KEY_CHECKS=@OLD_FOREIGN_KEY_CHECKS */;
/*!40014 SET UNIQUE_CHECKS=@OLD_UNIQUE_CHECKS */;
/*!40101 SET CHARACTER_SET_CLIENT=@OLD_CHARACTER_SET_CLIENT */;
/*!40101 SET CHARACTER_SET_RESULTS=@OLD_CHARACTER_SET_RESULTS */;
/*!40101 SET COLLATION_CONNECTION=@OLD_COLLATION_CONNECTION */;
/*!40111 SET SQL_NOTES=@OLD_SQL_NOTES */;

-- Dump completed on 2021-02-05 20:13:52
