-- MySQL dump 10.13  Distrib 5.7.24, for Win64 (x86_64)
--
-- Host: localhost    Database: sgp
-- ------------------------------------------------------
-- Server version	5.7.24

/*!40101 SET @OLD_CHARACTER_SET_CLIENT=@@CHARACTER_SET_CLIENT */;
/*!40101 SET @OLD_CHARACTER_SET_RESULTS=@@CHARACTER_SET_RESULTS */;
/*!40101 SET @OLD_COLLATION_CONNECTION=@@COLLATION_CONNECTION */;
/*!40101 SET NAMES utf8 */;
/*!40103 SET @OLD_TIME_ZONE=@@TIME_ZONE */;
/*!40103 SET TIME_ZONE='+00:00' */;
/*!40014 SET @OLD_UNIQUE_CHECKS=@@UNIQUE_CHECKS, UNIQUE_CHECKS=0 */;
/*!40014 SET @OLD_FOREIGN_KEY_CHECKS=@@FOREIGN_KEY_CHECKS, FOREIGN_KEY_CHECKS=0 */;
/*!40101 SET @OLD_SQL_MODE=@@SQL_MODE, SQL_MODE='NO_AUTO_VALUE_ON_ZERO' */;
/*!40111 SET @OLD_SQL_NOTES=@@SQL_NOTES, SQL_NOTES=0 */;

--
-- Table structure for table `driver_scores`
--

DROP TABLE IF EXISTS `driver_scores`;
/*!40101 SET @saved_cs_client     = @@character_set_client */;
/*!40101 SET character_set_client = utf8 */;
CREATE TABLE `driver_scores` (
  `id` bigint(20) unsigned NOT NULL AUTO_INCREMENT,
  `driver_id` bigint(20) unsigned NOT NULL,
  `barcelona` mediumint(9) NOT NULL DEFAULT '0',
  `brands_hatch` mediumint(9) NOT NULL DEFAULT '0',
  `barcelona_2019` mediumint(9) NOT NULL DEFAULT '0',
  `brands_hatch_2019` mediumint(9) NOT NULL DEFAULT '0',
  `hungaroring` mediumint(9) NOT NULL DEFAULT '0',
  `hungaroring_2019` mediumint(9) NOT NULL DEFAULT '0',
  `kyalami_2019` mediumint(9) NOT NULL DEFAULT '0',
  `laguna_seca_2019` mediumint(9) NOT NULL DEFAULT '0',
  `misano` mediumint(9) NOT NULL DEFAULT '0',
  `misano_2019` mediumint(9) NOT NULL DEFAULT '0',
  `monza` mediumint(9) NOT NULL DEFAULT '0',
  `monza_2019` mediumint(9) NOT NULL DEFAULT '0',
  `mount_panorama_2019` mediumint(9) NOT NULL DEFAULT '0',
  `nurburgring` mediumint(9) NOT NULL DEFAULT '0',
  `nurburgring_2019` mediumint(9) NOT NULL DEFAULT '0',
  `paul_ricard` mediumint(9) NOT NULL DEFAULT '0',
  `paul_ricard_2019` mediumint(9) NOT NULL DEFAULT '0',
  `silverstone` mediumint(9) NOT NULL DEFAULT '0',
  `silverstone_2019` mediumint(9) NOT NULL DEFAULT '0',
  `spa` mediumint(9) NOT NULL DEFAULT '0',
  `spa_2019` mediumint(9) NOT NULL DEFAULT '0',
  `suzuka_2019` mediumint(9) NOT NULL DEFAULT '0',
  `zandvoort` mediumint(9) NOT NULL DEFAULT '0',
  `zandvoort_2019` mediumint(9) NOT NULL DEFAULT '0',
  `zolder` mediumint(9) NOT NULL DEFAULT '0',
  `zolder_2019` mediumint(9) NOT NULL DEFAULT '0',
  `created_at` timestamp NULL DEFAULT NULL,
  `updated_at` timestamp NULL DEFAULT NULL,
  PRIMARY KEY (`id`),
  KEY `driver_scores_driver_id_foreign` (`driver_id`),
  CONSTRAINT `driver_scores_driver_id_foreign` FOREIGN KEY (`driver_id`) REFERENCES `drivers` (`id`) ON DELETE CASCADE
) ENGINE=InnoDB AUTO_INCREMENT=51 DEFAULT CHARSET=utf8mb4 COLLATE=utf8mb4_unicode_ci;
/*!40101 SET character_set_client = @saved_cs_client */;

--
-- Dumping data for table `driver_scores`
--

LOCK TABLES `driver_scores` WRITE;
/*!40000 ALTER TABLE `driver_scores` DISABLE KEYS */;
INSERT INTO `driver_scores` VALUES (1,10,107824,0,105699,86641,107290,0,104278,85960,0,96504,111270,0,143661,0,118023,118542,0,121186,120495,141760,141204,123327,99168,98454,91224,91278,'2020-10-20 00:21:06','2020-11-11 08:51:05'),(2,1,0,84243,0,0,0,0,102843,83874,94686,0,0,0,124023,0,115812,0,0,0,0,140511,0,122190,0,0,90156,0,'2020-10-20 00:25:08','2020-11-02 06:59:34'),(3,2,105384,0,0,84895,0,107376,102045,84232,0,95449,109516,109530,154776,0,116715,117468,0,120465,120778,0,140254,122703,0,102783,90246,89698,'2020-10-20 00:25:08','2020-11-02 06:59:35'),(4,3,0,0,0,0,0,0,103395,0,0,98520,109833,110421,124497,0,117103,118680,0,120303,120093,0,140934,127488,98415,0,0,0,'2020-10-20 00:25:08','2020-11-04 17:43:11'),(5,4,0,0,0,0,0,0,103521,84624,0,96865,109681,0,0,117336,117421,0,0,0,0,0,0,0,0,97965,0,0,'2020-10-20 00:25:08','2020-10-20 00:37:34'),(6,5,107073,0,108217,86476,0,105018,103639,84798,0,95899,109702,109719,125064,0,118254,117927,0,121920,121752,141132,141439,122046,0,97051,90804,89770,'2020-10-20 00:25:08','2020-11-02 06:59:11'),(7,6,106509,0,107505,86865,0,0,102828,84159,0,0,109944,0,0,0,117402,117708,0,0,121788,0,144729,122484,0,0,90303,0,'2020-10-20 00:25:08','2020-11-02 06:59:47'),(8,7,0,0,0,0,0,0,102909,84324,0,0,0,0,0,0,116970,0,0,0,120168,140337,0,122602,0,0,90831,0,'2020-10-20 00:25:08','2020-11-02 06:58:55'),(9,8,0,0,0,86113,110517,0,105541,85702,0,0,111237,0,125040,117150,117880,0,119574,120298,124314,143115,142968,124455,0,97678,91419,95880,'2020-10-20 00:25:08','2020-11-02 07:00:24'),(10,9,0,0,0,0,0,0,103071,84553,95343,0,0,0,0,0,117258,0,0,0,0,140163,0,123609,0,0,90000,0,'2020-10-20 00:25:08','2020-11-02 06:59:01'),(11,11,106377,0,0,86496,0,108501,102973,85798,96381,97006,111051,0,0,117201,118014,118479,0,120492,0,0,0,124128,99435,0,90603,90828,'2020-10-20 00:25:08','2020-11-04 17:47:53'),(12,12,107023,0,108910,87438,0,108271,104211,85789,96216,97704,111273,0,127329,0,119266,0,0,123414,0,144792,144321,124852,99055,99174,91773,92686,'2020-10-20 00:25:08','2020-11-02 06:59:42'),(13,13,107364,0,106551,85224,0,107970,103434,84700,0,97069,109567,109239,126327,116955,117654,117883,0,121371,120753,145284,141831,123217,0,97015,90924,0,'2020-10-20 00:25:08','2020-11-02 07:00:13'),(14,14,106678,88750,105415,84957,107217,105352,104460,84960,0,95646,110155,108783,0,116145,117501,0,0,118504,120139,141442,141138,123639,0,105255,90909,89757,'2020-10-20 00:25:08','2020-11-04 17:47:42'),(15,15,0,0,0,85818,0,0,0,0,0,96774,111345,110244,0,0,116766,118018,0,0,120598,0,0,0,0,0,0,0,'2020-10-20 00:25:08','2020-10-20 00:37:40'),(16,16,107893,0,108127,87420,109449,0,0,85842,96214,97576,111109,0,0,0,118351,0,0,121777,122763,144660,144156,124734,99294,98907,92421,92025,'2020-10-20 00:25:08','2020-11-02 07:01:42'),(17,17,0,0,0,87891,0,0,104637,85998,0,97524,0,0,128001,0,118005,0,0,0,0,144297,143772,125124,0,100644,92724,0,'2020-10-20 00:25:08','2020-11-02 06:59:50'),(18,18,106836,0,107395,87748,0,0,105951,85623,97233,97095,0,0,128479,0,118857,0,0,122236,121797,141651,143167,124716,0,0,90381,0,'2020-10-20 00:25:08','2020-11-02 06:58:41'),(19,19,0,0,0,0,0,0,104559,85962,0,0,0,0,0,0,119430,0,0,0,0,143424,0,126069,0,0,93012,0,'2020-10-20 00:25:08','2020-11-04 17:48:07'),(20,20,0,0,0,0,0,0,0,0,0,0,0,0,0,0,117798,0,0,0,0,0,0,0,0,0,0,0,'2020-10-20 00:25:08','2020-10-20 00:37:42'),(21,21,0,0,0,87766,0,0,0,87210,0,0,0,112399,0,0,120210,0,0,0,0,0,145938,0,0,0,0,94039,'2020-10-20 00:25:08','2020-10-20 00:37:43'),(22,22,108682,0,108273,86398,0,108733,104751,85587,0,97369,110856,112251,128548,0,120037,0,0,121494,122094,144907,142675,124897,99160,99052,92619,92886,'2020-10-20 00:25:08','2020-11-02 07:00:43'),(23,23,0,0,107049,87360,107175,106456,105411,85224,0,98439,110583,110041,159244,118509,117372,0,0,121767,121926,143514,144564,124678,0,98424,91341,91189,'2020-10-20 00:25:08','2020-11-04 17:47:55'),(24,24,0,0,105727,86847,0,107959,103869,0,0,95847,0,0,0,117015,117036,0,0,120162,120805,141285,140496,123942,97836,98643,0,0,'2020-10-20 00:25:08','2020-11-02 06:59:30'),(25,25,0,0,0,0,0,0,106389,88869,0,0,0,0,0,0,123330,0,0,0,0,0,0,128241,0,0,94137,0,'2020-10-20 00:25:08','2020-11-02 06:46:38'),(26,26,108879,0,106143,85345,0,105217,102693,84399,95838,95115,109663,108337,124669,0,117348,117682,0,119712,121230,141690,140556,123096,0,95772,90339,89706,'2020-10-20 00:25:08','2020-11-04 17:47:40'),(27,27,0,0,0,0,0,0,102942,85191,0,0,111279,0,167508,0,0,118134,0,0,122814,141063,0,124710,0,0,91230,0,'2020-10-20 00:25:08','2020-11-02 07:00:01'),(28,28,0,0,0,0,0,0,103521,85629,0,0,0,0,0,123715,119952,0,0,0,122439,141945,0,124527,0,0,0,90772,'2020-10-20 00:25:08','2020-11-02 07:00:23'),(29,29,0,0,0,0,0,0,0,0,95907,0,0,0,0,0,0,0,0,0,0,142734,0,0,0,0,91176,0,'2020-10-20 00:25:08','2020-11-02 06:46:33'),(30,30,0,0,0,0,0,0,106878,0,0,0,111705,112098,0,0,119100,0,0,0,123084,0,0,123987,0,0,93375,0,'2020-10-20 00:25:08','2020-11-02 06:58:47'),(31,31,107685,0,0,0,0,0,102618,0,95479,0,0,0,155490,0,0,0,0,0,121890,139329,0,121764,98235,0,0,0,'2020-10-20 00:25:08','2020-11-02 06:46:18'),(32,32,0,0,0,0,0,0,0,0,0,0,0,0,0,0,0,0,0,0,0,142116,0,0,0,0,0,0,'2020-10-20 00:25:08','2020-10-20 00:37:50'),(33,33,0,0,0,87130,0,0,0,0,0,95997,0,0,158289,0,0,0,0,0,0,143286,0,0,0,0,92385,0,'2020-10-20 00:25:08','2020-10-20 00:37:50'),(34,34,0,0,108708,0,0,111459,104550,86997,0,0,0,0,0,0,0,0,119796,0,0,146460,0,127393,100666,0,0,0,'2020-10-20 00:25:08','2020-11-02 07:00:16'),(35,35,105474,0,105849,85705,0,106533,102375,83776,0,95028,0,110181,123424,0,115500,0,117132,118893,118314,0,139177,121822,0,96367,0,89322,'2020-11-02 06:45:56','2020-11-02 06:46:23'),(36,36,0,0,109359,0,0,111036,105934,86014,97492,100863,110908,0,129928,0,0,0,0,122508,0,0,0,124671,0,0,0,94036,'2020-11-02 06:45:56','2020-11-02 06:46:26'),(37,37,106419,0,105082,84391,0,107880,103158,0,0,95349,113145,108873,0,0,116515,0,117096,121029,120310,0,140109,125010,0,99781,90108,89131,'2020-11-04 22:18:43','2020-11-04 22:18:44'),(38,38,0,0,105439,0,0,0,0,0,0,95655,0,0,0,0,116796,0,0,0,120834,0,140430,0,0,0,0,0,'2020-11-04 22:25:47','2020-11-04 22:25:47'),(39,39,108517,0,107631,87903,109227,108859,106252,86332,0,97735,0,113467,127645,0,118161,0,121797,121188,123513,0,143527,126126,98664,99588,0,96342,'2020-11-12 11:29:37','2020-11-12 11:29:38'),(40,40,0,0,0,88483,107193,107521,0,85173,0,0,0,110740,0,0,118278,0,0,0,123679,0,142878,137988,0,97444,0,90997,'2020-11-12 11:34:31','2020-11-12 11:34:32'),(41,41,0,0,0,0,0,0,0,0,0,0,0,0,0,0,0,0,0,0,0,0,0,0,0,0,0,0,'2020-11-12 11:36:14','2020-11-12 11:36:14'),(42,42,0,0,0,0,0,0,0,0,0,0,0,0,0,0,0,0,0,0,0,0,0,0,0,0,0,0,'2020-11-12 11:36:14','2020-11-12 11:36:14'),(43,43,0,0,0,0,0,0,0,0,0,0,0,0,0,0,0,0,0,0,0,0,0,0,0,0,0,0,'2020-11-12 11:36:14','2020-11-12 11:36:14'),(44,44,0,0,0,0,0,0,0,0,0,0,0,0,0,0,0,0,0,0,0,0,0,0,0,0,0,0,'2020-11-12 11:36:14','2020-11-12 11:36:14'),(45,45,0,0,0,0,0,0,0,0,0,0,0,0,0,0,0,0,0,0,0,0,0,0,0,0,0,0,'2020-11-12 11:36:14','2020-11-12 11:36:14'),(46,46,0,0,0,0,0,0,0,0,0,0,0,0,0,0,0,0,0,0,0,0,0,0,0,0,0,0,'2020-11-12 11:36:14','2020-11-12 11:36:14'),(47,47,0,0,0,0,0,0,0,0,0,0,0,0,0,0,0,0,0,0,0,0,0,0,0,0,0,0,'2020-11-12 11:36:14','2020-11-12 11:36:14'),(48,48,0,0,0,0,0,0,0,0,0,0,0,0,0,0,0,0,0,0,0,0,0,0,0,0,0,0,'2020-11-12 11:36:14','2020-11-12 11:36:14'),(49,49,0,0,0,0,0,0,0,0,0,0,0,0,0,0,0,0,0,0,0,0,0,0,0,0,0,0,'2020-11-12 11:36:14','2020-11-12 11:36:14'),(50,50,0,0,0,0,0,0,0,0,0,0,0,0,0,0,0,0,0,0,0,0,0,0,0,0,0,0,'2020-11-12 11:36:14','2020-11-12 11:36:14');
/*!40000 ALTER TABLE `driver_scores` ENABLE KEYS */;
UNLOCK TABLES;

--
-- Table structure for table `drivers`
--

DROP TABLE IF EXISTS `drivers`;
/*!40101 SET @saved_cs_client     = @@character_set_client */;
/*!40101 SET character_set_client = utf8 */;
CREATE TABLE `drivers` (
  `id` bigint(20) unsigned NOT NULL AUTO_INCREMENT,
  `sgp_id` varchar(255) COLLATE utf8mb4_unicode_ci NOT NULL,
  `driver_name` varchar(255) COLLATE utf8mb4_unicode_ci NOT NULL,
  `created_at` timestamp NULL DEFAULT NULL,
  `updated_at` timestamp NULL DEFAULT NULL,
  `driver_score` int(11) NOT NULL DEFAULT '0',
  PRIMARY KEY (`id`)
) ENGINE=InnoDB AUTO_INCREMENT=51 DEFAULT CHARSET=utf8mb4 COLLATE=utf8mb4_unicode_ci;
/*!40101 SET character_set_client = @saved_cs_client */;

--
-- Dumping data for table `drivers`
--

LOCK TABLES `drivers` WRITE;
/*!40000 ALTER TABLE `drivers` DISABLE KEYS */;
INSERT INTO `drivers` VALUES (1,'QEau6D9p27CRYNEFqFVj1','Nick Kohout','2020-10-14 16:13:49','2020-11-02 06:59:34',2672),(2,'M7_GpZptTXBAq6m61Y7fy','Nicolas Alvarado','2020-10-14 16:13:49','2020-11-02 06:59:35',2608),(3,'RE4f1uWmzMjHQuJgYKcNZ','Justin Sylvestal','2020-10-14 16:13:49','2020-11-04 17:43:11',3693),(4,'IkSyvqJMujlYo4y7x5K4-','Matthew Lehman','2020-10-14 16:13:49','2020-10-16 23:30:09',3833),(5,'EnrARctCPqyuGPmbpx6iw','Fares Saidi','2020-10-14 16:13:49','2020-11-02 06:59:11',2889),(6,'zI6-W2gvEah7vaomuI1Ha','Paul Cantea','2020-10-14 16:13:49','2020-11-02 06:59:47',3300),(7,'MzpNCwkyLsnbntZ7iVBKG','Dylan Beveridge','2020-10-14 16:13:49','2020-11-02 06:58:55',3558),(8,'JlCSzGfhTbQyL8Jf0ZPyI','Bryan Curzon','2020-10-14 16:13:49','2020-11-02 07:00:24',3999),(9,'EbvB6m75J2Ex_by1oiMlX','Dylan Sauer','2020-10-14 16:13:49','2020-11-02 06:59:01',3398),(10,'SXs33IH-ZDSa6A2hUzKU_','Dale Carter','2020-10-14 16:13:49','2020-11-06 01:54:08',3570),(11,'HrWNcXUylQ8tlB0pSBCvx','Joe Server','2020-10-14 16:13:49','2020-11-04 17:47:53',3594),(12,'8JiC6hVhT_3R1001bMfSR','Paul  Miles','2020-10-14 16:13:49','2020-11-02 06:59:42',4397),(13,'dghEaW-Dl5tIA3X9kItOs','Brendan McVeigh','2020-10-14 16:13:49','2020-11-02 07:00:13',2963),(14,'4NxE5DybDW9TnCVMec3X-','Max Diggs','2020-10-14 16:13:49','2020-10-16 23:30:17',2533),(15,'45d3h9ZKaJ06UEvKLUKK5','Peter Samoluk','2020-10-14 16:13:49','2020-10-16 23:30:18',3850),(16,'G-F27cr_AFkjyzOIs95i-','Hans Woestenborg','2020-10-14 16:13:49','2020-11-02 07:01:42',4415),(17,'2YoNDmQ3jpXqw1KBA7qxp','Peter Bustraan','2020-10-14 16:13:49','2020-11-02 06:59:50',5266),(18,'hCSmSScw9IjH-r05-g5xZ','Chris Turner','2020-10-14 16:13:49','2020-11-02 06:58:41',4375),(19,'3uNn9-Mg9y8YUpI5P_ci5','Bjorn Durand','2020-10-14 16:13:49','2020-11-04 17:48:07',6069),(20,'_OPElp4KA9duRverIBVPC','Ruben Pagan','2020-10-14 16:13:49','2020-10-14 16:13:49',0),(21,'5lBZVf7xzuk-MwX8MH6oh','Aaron Fernandes','2020-10-14 16:13:49','2020-10-16 14:48:24',6454),(22,'zJ3ZUXeHA-tvrPL6MPmfy','Gary Allen','2020-10-14 16:13:49','2020-11-02 07:00:43',4530),(23,'iwJwQhXyimeIiUue9H8n0','Keith Griffall','2020-10-14 16:13:49','2020-11-04 17:47:55',3795),(24,'a8UvLgFtp0ln93AtVuTsL','Mike Dougherty','2020-10-14 16:13:49','2020-10-16 23:30:24',3482),(25,'_2R5JyPi9awzblVGI9Ll7','Scott Chin','2020-10-14 16:13:49','2020-11-02 06:46:38',7185),(26,'QoGO0CL9f0cPl2ZYvGFFR','Erik Groome','2020-10-14 16:13:50','2020-11-04 17:47:40',2133),(27,'UhkVPacusSVXwf_fBxVcO','Thiago Alves','2020-10-14 16:13:50','2020-11-02 07:00:01',4067),(28,'58-jHfBT08QHLpRvt11BQ','bruno belny','2020-10-14 16:13:50','2020-11-02 07:00:23',4713),(29,'znqlm3Qp_8ego3glQyYpF','Raymond RIEUX','2020-10-14 16:13:51','2020-11-02 06:46:33',4622),(30,'9oUgq8JORMf6rr1qEwI8Q','David Wirch','2020-10-14 16:13:51','2020-11-02 06:58:47',5719),(31,'kpZQoQgHZYdAjc8mCsGeO','Carl Bigg','2020-10-14 16:13:51','2020-11-02 06:46:18',3407),(32,'FPaPEiHHIxb5rT8bL8F2Z','Graham Ritter','2020-10-14 16:13:51','2020-10-14 16:13:51',0),(33,'4B4ElQBlxfR52Dy8jJNj9','Alex Raskin','2020-10-14 16:13:51','2020-10-16 23:45:35',5162),(34,'JMwH5i6a1qrvxSMdreMku','Bruce Hopkins','2020-10-14 16:13:51','2020-11-02 07:00:16',6065),(35,'RXveOcRFWUOQDuAGrIQQ9','Ben Keough','2020-10-31 22:01:18','2020-11-02 06:46:23',1951),(36,'rsMjVIVxmxbrrZtpPHddF','eric blumenkrantz','2020-10-31 22:01:18','2020-11-02 06:46:26',5534),(37,'75d083a9-66b3-4226-bce4-dd986ecf6955','Steve Worrell','2020-11-04 22:18:43','2020-11-04 22:18:44',2237),(38,'fLDXtKdErufjsU3TGeGEZ','Kuno Yang','2020-11-04 22:25:47','2020-11-04 22:25:47',3610),(39,'LVAs4lZLX29KmxTKD_oba','Ethan Spitz','2020-11-12 11:29:37','2020-11-12 11:29:38',4981),(40,'DVzhPBgx0_vPaMQfcPp3c','Michael Luecke','2020-11-12 11:34:31','2020-11-12 11:34:32',4139),(41,'xA61OkBfnKSMqW9oR1Cur','Nicolas Alvarado','2020-11-12 11:36:14','2020-11-12 11:36:14',0),(42,'x2tNijVI6WlEkEZ2VTurB','Colin Mcleod','2020-11-12 11:36:14','2020-11-12 11:36:14',0),(43,'LfmtbD_zGyE4G5U9qsXW4','Vash Konnor','2020-11-12 11:36:14','2020-11-12 11:36:14',0),(44,'q64tJ79W3_uJK0XRx_VeN','Rob Bown','2020-11-12 11:36:14','2020-11-12 11:36:14',0),(45,'LM22tm3Rk-zouQe-gRKX6','Luke Francis','2020-11-12 11:36:14','2020-11-12 11:36:14',0),(46,'UID6zmNKP608SMfoecmmH','Thomas Atkins','2020-11-12 11:36:14','2020-11-12 11:36:14',0),(47,'dJdmjh4QD0DuS7EqF9GMQ','Kevin Braun','2020-11-12 11:36:14','2020-11-12 11:36:14',0),(48,'SRDiATUB1Sgp71S6ZX7Qd','Peter Hueck','2020-11-12 11:36:14','2020-11-12 11:36:14',0),(49,'o8ebg22KhPCb190M7Sact','Chris Davies','2020-11-12 11:36:14','2020-11-12 11:36:14',0),(50,'Zd0cdICEoOyMhJGXqB-Ud','Austin Capewell','2020-11-12 11:36:14','2020-11-12 11:36:14',0);
/*!40000 ALTER TABLE `drivers` ENABLE KEYS */;
UNLOCK TABLES;

--
-- Table structure for table `event_entries`
--

DROP TABLE IF EXISTS `event_entries`;
/*!40101 SET @saved_cs_client     = @@character_set_client */;
/*!40101 SET character_set_client = utf8 */;
CREATE TABLE `event_entries` (
  `id` bigint(20) unsigned NOT NULL AUTO_INCREMENT,
  `driver_id` bigint(20) unsigned DEFAULT NULL,
  `event_id` bigint(20) unsigned NOT NULL,
  `position` tinyint(4) NOT NULL,
  `laps` smallint(6) NOT NULL,
  `quali_time` bigint(20) NOT NULL,
  `total_time` bigint(20) NOT NULL,
  `best_lap` bigint(20) NOT NULL,
  `race_number` smallint(6) NOT NULL DEFAULT '1',
  `penalty_points` smallint(6) DEFAULT NULL,
  `best_lap_points` smallint(6) DEFAULT NULL,
  `top_quali_points` smallint(6) DEFAULT NULL,
  `points` smallint(6) DEFAULT NULL,
  `final_points` smallint(6) DEFAULT NULL,
  `created_at` timestamp NULL DEFAULT NULL,
  `updated_at` timestamp NULL DEFAULT NULL,
  PRIMARY KEY (`id`),
  KEY `event_entries_event_id_foreign` (`event_id`),
  CONSTRAINT `event_entries_event_id_foreign` FOREIGN KEY (`event_id`) REFERENCES `events` (`id`) ON DELETE CASCADE
) ENGINE=InnoDB AUTO_INCREMENT=154 DEFAULT CHARSET=utf8mb4 COLLATE=utf8mb4_unicode_ci;
/*!40101 SET character_set_client = @saved_cs_client */;

--
-- Dumping data for table `event_entries`
--

LOCK TABLES `event_entries` WRITE;
/*!40000 ALTER TABLE `event_entries` DISABLE KEYS */;
INSERT INTO `event_entries` VALUES (1,1,1,1,31,116325,3691008,115812,1,0,2,2,25,29,'2020-10-14 16:13:49','2020-10-15 13:33:32'),(2,2,1,2,31,116604,3715092,116715,1,0,0,0,24,24,'2020-10-14 16:13:49','2020-10-15 13:33:33'),(3,3,1,3,31,116397,3718078,116178,1,2,0,0,23,21,'2020-10-14 16:13:49','2020-10-15 14:11:20'),(4,4,1,4,31,116949,3747892,117135,1,NULL,0,0,22,22,'2020-10-14 16:13:49','2020-10-14 16:13:49'),(5,5,1,5,31,117480,3760157,117186,1,NULL,0,0,21,21,'2020-10-14 16:13:49','2020-10-14 16:13:49'),(6,6,1,6,31,117822,3765717,117402,1,NULL,0,0,20,20,'2020-10-14 16:13:49','2020-10-14 16:13:49'),(7,7,1,7,31,116703,3771556,116970,1,NULL,0,0,19,19,'2020-10-14 16:13:49','2020-10-14 16:13:49'),(8,8,1,8,31,117018,3780094,117003,1,2,0,0,18,16,'2020-10-14 16:13:49','2020-10-15 14:11:35'),(9,9,1,9,31,117768,3795487,117258,1,NULL,0,0,17,17,'2020-10-14 16:13:49','2020-10-14 16:13:49'),(10,10,1,10,31,118239,3795937,118074,1,NULL,0,0,16,16,'2020-10-14 16:13:49','2020-10-14 16:13:49'),(11,11,1,11,31,118533,3801418,118014,1,NULL,0,0,15,15,'2020-10-14 16:13:49','2020-10-14 16:13:49'),(12,12,1,12,31,117879,3805784,118380,1,NULL,0,0,14,14,'2020-10-14 16:13:49','2020-10-14 16:13:49'),(13,13,1,13,30,117537,3787839,117654,1,NULL,0,0,13,13,'2020-10-14 16:13:49','2020-10-14 16:13:49'),(14,14,1,14,30,116934,3686927,117426,1,NULL,0,0,12,12,'2020-10-14 16:13:49','2020-10-14 16:13:49'),(15,15,1,15,30,116985,3691766,116766,1,NULL,0,0,11,11,'2020-10-14 16:13:49','2020-10-14 16:13:49'),(16,16,1,16,30,117345,3704398,117894,1,NULL,0,0,10,10,'2020-10-14 16:13:49','2020-10-14 16:13:49'),(17,17,1,17,30,120132,3720743,118005,1,NULL,0,0,9,9,'2020-10-14 16:13:49','2020-10-14 16:13:49'),(18,18,1,18,30,118638,3725524,118857,1,NULL,0,0,8,8,'2020-10-14 16:13:49','2020-10-14 16:13:49'),(19,19,1,19,30,119898,3737314,119430,1,NULL,0,0,7,7,'2020-10-14 16:13:49','2020-10-14 16:13:49'),(20,20,1,20,30,117387,3741970,117798,1,NULL,0,0,6,6,'2020-10-14 16:13:49','2020-10-14 16:13:49'),(21,21,1,21,30,121149,3747333,120210,1,NULL,0,0,5,5,'2020-10-14 16:13:49','2020-10-14 16:13:49'),(22,22,1,22,30,119862,3747674,119751,1,NULL,0,0,4,4,'2020-10-14 16:13:49','2020-10-14 16:13:49'),(23,23,1,23,30,119622,3773854,118779,1,NULL,0,0,3,3,'2020-10-14 16:13:49','2020-10-14 16:13:49'),(24,24,1,24,29,118200,3596781,117048,1,NULL,0,0,2,2,'2020-10-14 16:13:49','2020-10-14 16:13:49'),(25,25,1,25,29,124728,3801514,123330,1,2,0,0,1,-1,'2020-10-14 16:13:49','2020-10-15 14:11:44'),(26,1,2,1,42,83931,3633833,83874,1,NULL,2,0,25,27,'2020-10-14 16:13:50','2020-10-14 16:13:50'),(27,26,2,2,42,83841,3655736,83934,1,NULL,0,0,24,24,'2020-10-14 16:13:50','2020-10-14 16:13:50'),(28,7,2,3,42,84450,3664245,84324,1,NULL,0,0,23,23,'2020-10-14 16:13:50','2020-10-14 16:13:50'),(29,5,2,4,42,84369,3690274,84327,1,NULL,0,0,22,22,'2020-10-14 16:13:50','2020-10-14 16:13:50'),(30,4,2,5,42,84165,3695191,84624,1,NULL,0,0,21,21,'2020-10-14 16:13:50','2020-10-14 16:13:50'),(31,13,2,6,42,83541,3697170,84315,1,2,0,2,20,20,'2020-10-14 16:13:50','2020-10-15 15:22:14'),(32,18,2,7,42,85197,3708511,85233,1,NULL,0,0,19,19,'2020-10-14 16:13:50','2020-10-14 16:13:50'),(33,6,2,8,42,84039,3713039,83952,1,NULL,0,0,18,18,'2020-10-14 16:13:50','2020-10-14 16:13:50'),(34,27,2,9,41,85821,3641104,85191,1,NULL,0,0,17,17,'2020-10-14 16:13:50','2020-10-14 16:13:50'),(35,14,2,10,41,84765,3667206,84960,1,NULL,0,0,16,16,'2020-10-14 16:13:50','2020-10-14 16:13:50'),(36,23,2,11,41,86229,3677710,85119,1,NULL,0,0,15,15,'2020-10-14 16:13:50','2020-10-14 16:13:50'),(37,10,2,12,41,85998,3680321,85728,1,NULL,0,0,14,14,'2020-10-14 16:13:50','2020-10-14 16:13:50'),(38,22,2,13,41,85389,3686317,85416,1,NULL,0,0,13,13,'2020-10-14 16:13:50','2020-10-14 16:13:50'),(39,8,2,14,41,84549,3686420,84327,1,2,0,0,12,10,'2020-10-14 16:13:50','2020-10-15 15:17:30'),(40,11,2,15,41,85563,3711289,85836,1,NULL,0,0,11,11,'2020-10-14 16:13:50','2020-10-14 16:13:50'),(41,17,2,16,40,86358,3649085,86061,1,NULL,0,0,10,10,'2020-10-14 16:13:50','2020-10-14 16:13:50'),(42,19,2,17,40,85875,3649780,85962,1,NULL,0,0,9,9,'2020-10-14 16:13:50','2020-10-14 16:13:50'),(43,28,2,18,40,86247,3693147,85629,1,2,0,0,8,6,'2020-10-14 16:13:50','2020-10-15 15:27:09'),(44,12,2,19,40,84969,3707066,85440,1,NULL,0,0,7,7,'2020-10-14 16:13:50','2020-10-14 16:13:50'),(45,21,2,20,40,86877,3707775,87210,1,NULL,0,0,6,6,'2020-10-14 16:13:50','2020-10-14 16:13:50'),(46,9,2,21,39,84129,3660350,84168,1,3,0,0,5,2,'2020-10-14 16:13:50','2020-10-15 15:33:07'),(47,25,2,22,33,88305,3694625,88380,1,NULL,0,0,4,4,'2020-10-14 16:13:50','2020-10-14 16:13:50'),(48,2,3,1,39,89985,3635227,90246,1,NULL,0,2,25,27,'2020-10-14 16:13:51','2020-10-14 16:13:51'),(49,14,3,2,39,90660,3649824,90909,1,NULL,0,0,24,24,'2020-10-14 16:13:51','2020-10-14 16:13:51'),(50,11,3,3,39,90774,3650651,90603,1,NULL,0,0,23,23,'2020-10-14 16:13:51','2020-10-14 16:13:51'),(51,18,3,4,39,90693,3658508,90381,1,NULL,0,0,22,22,'2020-10-14 16:13:51','2020-10-14 16:13:51'),(52,6,3,5,39,90126,3675913,90303,1,NULL,0,0,21,21,'2020-10-14 16:13:51','2020-10-14 16:13:51'),(53,9,3,6,39,90972,3676855,90000,1,NULL,2,0,20,22,'2020-10-14 16:13:51','2020-10-14 16:13:51'),(54,26,3,7,39,90555,3677897,90339,1,2,0,0,19,17,'2020-10-14 16:13:51','2020-10-15 16:24:49'),(55,27,3,8,39,91395,3689723,91230,1,NULL,0,0,18,18,'2020-10-14 16:13:51','2020-10-14 16:13:51'),(56,29,3,9,39,91278,3700256,91176,1,9,0,0,17,8,'2020-10-14 16:13:51','2020-10-15 16:32:34'),(57,13,3,10,39,90783,3726656,90924,1,NULL,0,0,16,16,'2020-10-14 16:13:51','2020-10-14 16:13:51'),(58,12,3,11,39,91893,3730512,91773,1,NULL,0,0,15,15,'2020-10-14 16:13:51','2020-10-14 16:13:51'),(59,23,3,12,38,92091,3637550,91341,1,2,0,0,14,12,'2020-10-14 16:13:51','2020-10-15 16:14:09'),(60,5,3,13,38,90918,3657727,90804,1,NULL,0,0,13,13,'2020-10-14 16:13:51','2020-10-14 16:13:51'),(61,8,3,14,38,90909,3665224,91419,1,NULL,0,0,12,12,'2020-10-14 16:13:51','2020-10-14 16:13:51'),(62,10,3,15,38,92022,3701332,91224,1,NULL,0,0,11,11,'2020-10-14 16:13:51','2020-10-14 16:13:51'),(63,30,3,16,38,92781,3716986,93375,1,NULL,0,0,10,10,'2020-10-14 16:13:51','2020-10-14 16:13:51'),(64,7,3,17,37,90837,3735642,90831,1,8,0,0,9,1,'2020-10-14 16:13:51','2020-10-15 16:21:02'),(65,25,3,18,37,94986,3663864,94137,1,NULL,0,0,8,8,'2020-10-14 16:13:51','2020-10-14 16:13:51'),(66,19,3,19,37,93930,3722457,93012,1,2,0,0,7,5,'2020-10-14 16:13:51','2020-10-15 16:15:44'),(67,31,4,1,26,138885,3728455,139329,1,NULL,2,2,25,29,'2020-10-14 16:13:51','2020-10-14 16:13:52'),(68,10,4,2,26,139890,3775328,140406,1,NULL,0,0,24,24,'2020-10-14 16:13:51','2020-10-14 16:13:52'),(69,9,4,3,26,141054,3776144,140163,1,NULL,0,0,23,23,'2020-10-14 16:13:51','2020-10-14 16:13:52'),(70,1,4,4,26,140175,3782240,140511,1,NULL,0,0,22,22,'2020-10-14 16:13:51','2020-10-14 16:13:52'),(71,5,4,5,26,141219,3793455,141132,1,NULL,0,0,21,21,'2020-10-14 16:13:51','2020-10-14 16:13:52'),(72,27,4,6,26,140718,3806758,141063,1,NULL,0,0,20,20,'2020-10-14 16:13:51','2020-10-14 16:13:52'),(73,8,4,7,26,142086,3815895,141966,1,NULL,0,0,19,19,'2020-10-14 16:13:51','2020-10-14 16:13:52'),(74,32,4,8,26,141768,3828303,142116,1,NULL,0,0,18,18,'2020-10-14 16:13:51','2020-10-14 16:13:52'),(75,18,4,9,26,142251,3837493,141651,1,NULL,0,0,17,17,'2020-10-14 16:13:51','2020-10-14 16:13:52'),(76,24,4,10,26,141159,3868372,141285,1,NULL,0,0,16,16,'2020-10-14 16:13:51','2020-10-14 16:13:52'),(77,26,4,11,25,141783,3751502,141411,1,NULL,0,0,15,15,'2020-10-14 16:13:51','2020-10-14 16:13:52'),(78,17,4,12,25,144510,3753596,143826,1,NULL,0,0,14,14,'2020-10-14 16:13:51','2020-10-14 16:13:52'),(79,7,4,13,25,139992,3769936,140337,1,NULL,0,0,13,13,'2020-10-14 16:13:52','2020-10-14 16:13:52'),(80,33,4,14,25,144363,3786199,143286,1,NULL,0,0,12,12,'2020-10-14 16:13:52','2020-10-14 16:13:52'),(81,29,4,15,25,141321,3792268,142734,1,11,0,0,11,0,'2020-10-14 16:13:52','2020-10-15 16:51:58'),(82,23,4,16,25,142239,3792818,143514,1,NULL,0,0,10,10,'2020-10-14 16:13:52','2020-10-14 16:13:52'),(83,19,4,17,25,142956,3795557,143424,1,NULL,0,0,9,9,'2020-10-14 16:13:52','2020-10-14 16:13:52'),(84,12,4,18,25,141888,3820997,144786,1,NULL,0,0,8,8,'2020-10-14 16:13:52','2020-10-14 16:13:52'),(85,22,4,19,25,143445,3846701,143643,1,NULL,0,0,7,7,'2020-10-14 16:13:52','2020-10-14 16:13:52'),(86,28,4,20,25,149943,3944657,141945,1,NULL,0,0,6,6,'2020-10-14 16:13:52','2020-10-14 16:13:52'),(87,34,4,21,24,149913,3765196,146460,1,NULL,0,0,5,5,'2020-10-14 16:13:52','2020-10-14 16:13:52'),(88,1,5,1,35,102696,3679818,102843,1,NULL,0,0,25,25,'2020-10-19 23:51:29','2020-10-19 23:51:29'),(89,26,5,2,35,102576,3688997,102693,1,NULL,0,0,24,24,'2020-10-19 23:51:29','2020-10-19 23:51:29'),(90,11,5,3,35,102528,3694346,102975,1,NULL,0,0,23,23,'2020-10-19 23:51:29','2020-10-19 23:51:29'),(91,13,5,4,35,102954,3708973,102837,1,NULL,0,0,22,22,'2020-10-19 23:51:29','2020-10-19 23:51:29'),(92,5,5,5,35,103710,3709714,103221,1,NULL,0,0,21,21,'2020-10-19 23:51:29','2020-10-19 23:51:29'),(93,27,5,6,35,103236,3710963,102942,1,NULL,0,0,20,20,'2020-10-19 23:51:29','2020-10-19 23:51:29'),(94,31,5,7,35,102744,3722063,102618,1,NULL,2,0,19,21,'2020-10-19 23:51:29','2020-10-19 23:51:29'),(95,8,5,8,35,103554,3740056,103611,1,NULL,0,0,18,18,'2020-10-19 23:51:29','2020-10-19 23:51:29'),(96,7,5,9,35,103323,3751436,102909,1,NULL,0,0,17,17,'2020-10-19 23:51:29','2020-10-19 23:51:29'),(97,6,5,10,35,103005,3761460,102828,1,2,0,0,16,14,'2020-10-19 23:51:29','2020-10-23 22:59:00'),(98,24,5,11,35,103860,3763022,103041,1,NULL,0,0,15,15,'2020-10-19 23:51:29','2020-10-19 23:51:29'),(99,22,5,12,34,104796,3682256,104751,1,NULL,0,0,14,14,'2020-10-19 23:51:29','2020-10-19 23:51:29'),(100,12,5,13,34,104745,3692871,104211,1,NULL,0,0,13,13,'2020-10-19 23:51:29','2020-10-19 23:51:29'),(101,17,5,14,34,105870,3693213,104496,1,2,0,0,12,10,'2020-10-19 23:51:29','2020-10-23 22:59:13'),(102,19,5,15,34,105285,3701665,104559,1,NULL,0,0,11,11,'2020-10-19 23:51:29','2020-10-19 23:51:29'),(103,34,5,16,33,105942,3681412,104550,1,NULL,0,0,10,10,'2020-10-19 23:51:29','2020-10-19 23:51:29'),(104,25,5,17,33,108114,3819775,106389,1,NULL,0,0,9,9,'2020-10-19 23:51:29','2020-10-19 23:51:29'),(105,2,5,18,32,102465,3790746,102690,1,NULL,0,2,8,10,'2020-10-19 23:51:29','2020-10-19 23:51:29'),(106,28,5,19,32,103395,3413904,103521,1,NULL,0,0,7,7,'2020-10-19 23:51:29','2020-10-19 23:51:29'),(107,9,5,20,32,102993,3783370,103071,1,3,0,0,6,3,'2020-10-19 23:51:29','2020-10-23 22:58:48'),(108,30,5,21,28,105948,3790455,106878,1,NULL,0,0,5,5,'2020-10-19 23:51:29','2020-10-19 23:51:29'),(109,35,7,1,44,121140,5468116,121866,1,NULL,0,0,25,25,'2020-10-31 22:03:39','2020-10-31 22:03:39'),(110,31,7,2,44,120768,5481909,121764,1,NULL,2,2,24,28,'2020-10-31 22:03:39','2020-10-31 22:03:39'),(111,1,7,3,44,122109,5494884,122190,1,NULL,0,0,23,23,'2020-10-31 22:03:39','2020-10-31 22:03:39'),(112,5,7,4,44,121803,5496144,122202,1,NULL,0,0,22,22,'2020-10-31 22:03:39','2020-10-31 22:03:39'),(113,6,7,5,44,122682,5499880,122202,1,NULL,0,0,21,21,'2020-10-31 22:03:39','2020-10-31 22:03:39'),(114,26,7,6,44,123183,5540216,123096,1,NULL,0,0,20,20,'2020-10-31 22:03:39','2020-10-31 22:03:39'),(115,13,7,7,44,122592,5563763,122808,1,NULL,0,0,19,19,'2020-10-31 22:03:39','2020-10-31 22:03:39'),(116,7,7,8,43,121830,5473000,122136,1,NULL,0,0,18,18,'2020-10-31 22:03:39','2020-10-31 22:03:39'),(117,11,7,9,43,124224,5479608,124146,1,NULL,0,0,17,17,'2020-10-31 22:03:39','2020-10-31 22:03:39'),(118,22,7,10,43,123978,5521545,124362,1,NULL,0,0,16,16,'2020-10-31 22:03:39','2020-10-31 22:03:39'),(119,23,7,11,43,125034,5528011,124044,1,NULL,0,0,15,15,'2020-10-31 22:03:39','2020-10-31 22:03:39'),(120,8,7,12,43,123660,5529507,123885,1,NULL,0,0,14,14,'2020-10-31 22:03:39','2020-10-31 22:03:39'),(121,16,7,13,43,123945,5551758,124515,1,NULL,0,0,13,13,'2020-10-31 22:03:39','2020-10-31 22:03:39'),(122,24,7,14,43,126027,5556570,123942,1,NULL,0,0,12,12,'2020-10-31 22:03:39','2020-10-31 22:03:39'),(123,12,7,15,43,123387,5571159,123750,1,NULL,0,0,11,11,'2020-10-31 22:03:39','2020-10-31 22:03:39'),(124,36,7,16,43,125253,5582037,124671,1,NULL,0,0,10,10,'2020-10-31 22:03:39','2020-10-31 22:03:39'),(125,19,7,17,42,125388,5469294,126069,1,NULL,0,0,9,9,'2020-10-31 22:03:39','2020-10-31 22:03:39'),(126,27,7,18,42,122958,5512512,122952,1,NULL,0,0,8,8,'2020-10-31 22:03:39','2020-10-31 22:03:39'),(127,34,7,19,42,127164,5555950,125778,1,NULL,0,0,7,7,'2020-10-31 22:03:39','2020-10-31 22:03:39'),(128,17,7,20,42,126384,5573770,125124,1,NULL,0,0,6,6,'2020-10-31 22:03:39','2020-10-31 22:03:39'),(129,25,7,21,41,128325,5543430,128241,1,NULL,0,0,5,5,'2020-10-31 22:03:39','2020-10-31 22:03:39'),(130,41,8,1,74,115380,8736829,115950,1,NULL,2,0,24,26,'2020-11-12 11:36:14','2020-11-12 11:36:14'),(131,42,8,2,74,114939,8737425,116061,1,NULL,0,2,23,25,'2020-11-12 11:36:14','2020-11-12 11:36:14'),(132,43,8,3,74,115920,8744609,116412,1,NULL,0,0,22,22,'2020-11-12 11:36:14','2020-11-12 11:36:14'),(133,44,8,4,74,115956,8745428,116205,1,NULL,0,0,21,21,'2020-11-12 11:36:14','2020-11-12 11:36:14'),(134,31,8,5,74,115974,8782670,116739,1,NULL,0,0,20,20,'2020-11-12 11:36:14','2020-11-12 11:36:14'),(135,5,8,6,74,116295,8833187,116319,1,NULL,0,0,19,19,'2020-11-12 11:36:14','2020-11-12 11:36:14'),(136,6,8,7,74,115836,8841641,116538,1,NULL,0,0,18,18,'2020-11-12 11:36:14','2020-11-12 11:36:14'),(137,7,8,8,73,116652,8768987,117261,1,NULL,0,0,17,17,'2020-11-12 11:36:14','2020-11-12 11:36:14'),(138,26,8,9,73,116079,8785276,116343,1,NULL,0,0,16,16,'2020-11-12 11:36:14','2020-11-12 11:36:14'),(139,45,8,10,73,120495,8806965,116778,1,NULL,0,0,15,15,'2020-11-12 11:36:14','2020-11-12 11:36:14'),(140,24,8,11,73,116640,8809258,116550,1,NULL,0,0,14,14,'2020-11-12 11:36:14','2020-11-12 11:36:14'),(141,3,8,12,73,118062,8828478,118164,1,NULL,0,0,13,13,'2020-11-12 11:36:14','2020-11-12 11:36:14'),(142,27,8,13,73,117030,8842768,117363,1,NULL,0,0,12,12,'2020-11-12 11:36:14','2020-11-12 11:36:14'),(143,46,8,14,72,116151,8768652,116877,1,NULL,0,0,11,11,'2020-11-12 11:36:14','2020-11-12 11:36:14'),(144,47,8,15,72,118014,8806748,118764,1,NULL,0,0,10,10,'2020-11-12 11:36:14','2020-11-12 11:36:14'),(145,40,8,16,72,118020,8811924,118278,1,NULL,0,0,9,9,'2020-11-12 11:36:14','2020-11-12 11:36:14'),(146,23,8,17,72,118263,8830970,118551,1,NULL,0,0,8,8,'2020-11-12 11:36:14','2020-11-12 11:36:14'),(147,18,8,18,71,118923,8759956,118431,1,NULL,0,0,7,7,'2020-11-12 11:36:14','2020-11-12 11:36:14'),(148,48,8,19,71,117114,8777697,117861,1,NULL,0,0,6,6,'2020-11-12 11:36:14','2020-11-12 11:36:14'),(149,22,8,20,71,119544,8780010,118656,1,NULL,0,0,5,5,'2020-11-12 11:36:14','2020-11-12 11:36:14'),(150,49,8,21,71,118941,8790294,118878,1,NULL,0,0,4,4,'2020-11-12 11:36:14','2020-11-12 11:36:14'),(151,50,8,22,70,118788,8807979,120105,1,NULL,0,0,3,3,'2020-11-12 11:36:14','2020-11-12 11:36:14'),(152,12,8,23,70,116250,8840982,117207,1,NULL,0,0,2,2,'2020-11-12 11:36:14','2020-11-12 11:36:14'),(153,16,8,24,69,117444,8755890,117666,1,NULL,0,0,1,1,'2020-11-12 11:36:14','2020-11-12 11:36:14');
/*!40000 ALTER TABLE `event_entries` ENABLE KEYS */;
UNLOCK TABLES;

--
-- Table structure for table `events`
--

DROP TABLE IF EXISTS `events`;
/*!40101 SET @saved_cs_client     = @@character_set_client */;
/*!40101 SET character_set_client = utf8 */;
CREATE TABLE `events` (
  `id` bigint(20) unsigned NOT NULL AUTO_INCREMENT,
  `session_id_sgp` varchar(255) COLLATE utf8mb4_unicode_ci NOT NULL,
  `session_name` varchar(255) COLLATE utf8mb4_unicode_ci NOT NULL,
  `track_name` varchar(255) COLLATE utf8mb4_unicode_ci NOT NULL,
  `series_id` bigint(20) unsigned NOT NULL,
  `replay_url` varchar(255) COLLATE utf8mb4_unicode_ci DEFAULT NULL,
  `created_at` timestamp NULL DEFAULT NULL,
  `updated_at` timestamp NULL DEFAULT NULL,
  PRIMARY KEY (`id`)
) ENGINE=InnoDB AUTO_INCREMENT=9 DEFAULT CHARSET=utf8mb4 COLLATE=utf8mb4_unicode_ci;
/*!40101 SET character_set_client = @saved_cs_client */;

--
-- Dumping data for table `events`
--

LOCK TABLES `events` WRITE;
/*!40000 ALTER TABLE `events` DISABLE KEYS */;
INSERT INTO `events` VALUES (1,'OuwqupzZJpyEbDDhVSolx','AP Series - Week 1 - Nurburgring 2019','Nurburgring 2019',1,NULL,'2020-10-14 16:13:49','2020-10-14 16:13:49'),(2,'EGfd072zx_R9sx7Nw7xwm','AP Series - Week 2 - Laguna Seca','Laguna Seca',1,NULL,'2020-10-14 16:13:50','2020-10-14 16:13:50'),(3,'IDWTvDxLqqQsE6RQbMySI','AP Series - Week 3 - Zolder','Zolder',1,NULL,'2020-10-14 16:13:51','2020-10-14 16:13:51'),(4,'Hm6Wt88r4SdvlyiDG4yqv','AP Series - Week 4 - Spa','Spa',1,NULL,'2020-10-14 16:13:51','2020-10-14 16:13:51'),(5,'aoicuOgcxtzcmaitVzBXd','AP Series - Week 5 - Kyalami ','Kyalami',1,NULL,'2020-10-19 23:51:29','2020-10-19 23:51:29'),(7,'C17zJFv3C49F-oJWeSbaz','AP Series - Week 6 - Suzuka','Suzuka',1,NULL,'2020-10-31 22:03:39','2020-10-31 22:03:39'),(8,'Jtph5pnpfCWnFfaNvarF5','Americas Endurance Series - Round One - Nurburgring 2019','Nurburgring 2019',3,NULL,'2020-11-12 11:36:14','2020-11-12 11:36:14');
/*!40000 ALTER TABLE `events` ENABLE KEYS */;
UNLOCK TABLES;

--
-- Table structure for table `failed_jobs`
--

DROP TABLE IF EXISTS `failed_jobs`;
/*!40101 SET @saved_cs_client     = @@character_set_client */;
/*!40101 SET character_set_client = utf8 */;
CREATE TABLE `failed_jobs` (
  `id` bigint(20) unsigned NOT NULL AUTO_INCREMENT,
  `uuid` varchar(255) COLLATE utf8mb4_unicode_ci NOT NULL,
  `connection` text COLLATE utf8mb4_unicode_ci NOT NULL,
  `queue` text COLLATE utf8mb4_unicode_ci NOT NULL,
  `payload` longtext COLLATE utf8mb4_unicode_ci NOT NULL,
  `exception` longtext COLLATE utf8mb4_unicode_ci NOT NULL,
  `failed_at` timestamp NOT NULL DEFAULT CURRENT_TIMESTAMP,
  PRIMARY KEY (`id`),
  UNIQUE KEY `failed_jobs_uuid_unique` (`uuid`)
) ENGINE=InnoDB DEFAULT CHARSET=utf8mb4 COLLATE=utf8mb4_unicode_ci;
/*!40101 SET character_set_client = @saved_cs_client */;

--
-- Dumping data for table `failed_jobs`
--

LOCK TABLES `failed_jobs` WRITE;
/*!40000 ALTER TABLE `failed_jobs` DISABLE KEYS */;
/*!40000 ALTER TABLE `failed_jobs` ENABLE KEYS */;
UNLOCK TABLES;

--
-- Table structure for table `incidents`
--

DROP TABLE IF EXISTS `incidents`;
/*!40101 SET @saved_cs_client     = @@character_set_client */;
/*!40101 SET character_set_client = utf8 */;
CREATE TABLE `incidents` (
  `id` bigint(20) unsigned NOT NULL AUTO_INCREMENT,
  `accused_id` bigint(20) unsigned NOT NULL,
  `victim_id` bigint(20) unsigned NOT NULL,
  `reported_by_id` bigint(20) unsigned NOT NULL,
  `penalty_id` bigint(20) unsigned NOT NULL,
  `event_id` bigint(20) unsigned NOT NULL,
  `timestamp` varchar(255) COLLATE utf8mb4_unicode_ci NOT NULL,
  `description` text COLLATE utf8mb4_unicode_ci NOT NULL,
  `reviewers_notes` text COLLATE utf8mb4_unicode_ci NOT NULL,
  `status` varchar(255) COLLATE utf8mb4_unicode_ci NOT NULL,
  `created_at` timestamp NULL DEFAULT NULL,
  `updated_at` timestamp NULL DEFAULT NULL,
  PRIMARY KEY (`id`)
) ENGINE=InnoDB AUTO_INCREMENT=4 DEFAULT CHARSET=utf8mb4 COLLATE=utf8mb4_unicode_ci;
/*!40101 SET character_set_client = @saved_cs_client */;

--
-- Dumping data for table `incidents`
--

LOCK TABLES `incidents` WRITE;
/*!40000 ALTER TABLE `incidents` DISABLE KEYS */;
INSERT INTO `incidents` VALUES (1,6,15,1,1,1,'10:31','','Not reviewed','0','2020-11-12 02:34:21','2020-11-12 02:34:21'),(2,6,12,1,1,1,'10:26','','Not reviewed','0','2020-11-12 02:36:00','2020-11-12 02:36:00'),(3,5,15,1,2,1,'55:55','asdfasdfasdf','Not reviewed','0','2020-11-12 07:15:07','2020-11-12 07:15:07');
/*!40000 ALTER TABLE `incidents` ENABLE KEYS */;
UNLOCK TABLES;

--
-- Table structure for table `invites`
--

DROP TABLE IF EXISTS `invites`;
/*!40101 SET @saved_cs_client     = @@character_set_client */;
/*!40101 SET character_set_client = utf8 */;
CREATE TABLE `invites` (
  `id` bigint(20) unsigned NOT NULL AUTO_INCREMENT,
  `driver_id` bigint(20) unsigned NOT NULL,
  `code` char(36) COLLATE utf8mb4_unicode_ci NOT NULL,
  `created_at` timestamp NULL DEFAULT NULL,
  `updated_at` timestamp NULL DEFAULT NULL,
  PRIMARY KEY (`id`),
  KEY `invites_driver_id_foreign` (`driver_id`),
  CONSTRAINT `invites_driver_id_foreign` FOREIGN KEY (`driver_id`) REFERENCES `drivers` (`id`) ON DELETE CASCADE
) ENGINE=InnoDB AUTO_INCREMENT=4 DEFAULT CHARSET=utf8mb4 COLLATE=utf8mb4_unicode_ci;
/*!40101 SET character_set_client = @saved_cs_client */;

--
-- Dumping data for table `invites`
--

LOCK TABLES `invites` WRITE;
/*!40000 ALTER TABLE `invites` DISABLE KEYS */;
INSERT INTO `invites` VALUES (2,5,'a69ccf51-aa2c-437a-b79c-a8ff3d154ddb','2020-11-02 10:52:24','2020-11-02 10:52:24'),(3,18,'ce2195f1-a644-4f9a-b766-0300b081f7d4','2020-11-03 23:44:48','2020-11-03 23:44:48');
/*!40000 ALTER TABLE `invites` ENABLE KEYS */;
UNLOCK TABLES;

--
-- Table structure for table `migrations`
--

DROP TABLE IF EXISTS `migrations`;
/*!40101 SET @saved_cs_client     = @@character_set_client */;
/*!40101 SET character_set_client = utf8 */;
CREATE TABLE `migrations` (
  `id` int(10) unsigned NOT NULL AUTO_INCREMENT,
  `migration` varchar(255) COLLATE utf8mb4_unicode_ci NOT NULL,
  `batch` int(11) NOT NULL,
  PRIMARY KEY (`id`)
) ENGINE=InnoDB AUTO_INCREMENT=20 DEFAULT CHARSET=utf8mb4 COLLATE=utf8mb4_unicode_ci;
/*!40101 SET character_set_client = @saved_cs_client */;

--
-- Dumping data for table `migrations`
--

LOCK TABLES `migrations` WRITE;
/*!40000 ALTER TABLE `migrations` DISABLE KEYS */;
INSERT INTO `migrations` VALUES (1,'2014_10_12_000000_create_users_table',1),(2,'2014_10_12_100000_create_password_resets_table',1),(3,'2019_08_19_000000_create_failed_jobs_table',1),(4,'2020_09_22_072212_create_events_table',1),(5,'2020_10_01_135823_create_event_entries_table',1),(6,'2020_10_01_143100_create_series_table',1),(7,'2020_10_07_065028_create_drivers_table',1),(8,'2020_10_16_103059_add_driver_score_to_drivers_table',2),(10,'2020_10_19_200331_create_driver_scores_table',3),(11,'2014_10_12_200000_add_two_factor_columns_to_users_table',4),(12,'2020_10_24_004448_remove_clean_laps_from_event_entries_table',5),(13,'2020_11_01_194832_create_permission_tables',6),(14,'2020_11_01_231101_add_driver_id_to_users_table',7),(15,'2020_11_01_232513_create_sites_table',8),(16,'2020_11_02_053417_create_invites_table',9),(17,'2020_11_04_184026_add_splits_column_to_series_table',10),(18,'2020_11_11_040159_create_penalties_table',11),(19,'2020_11_11_040345_create_incidents_table',11);
/*!40000 ALTER TABLE `migrations` ENABLE KEYS */;
UNLOCK TABLES;

--
-- Table structure for table `model_has_permissions`
--

DROP TABLE IF EXISTS `model_has_permissions`;
/*!40101 SET @saved_cs_client     = @@character_set_client */;
/*!40101 SET character_set_client = utf8 */;
CREATE TABLE `model_has_permissions` (
  `permission_id` bigint(20) unsigned NOT NULL,
  `model_type` varchar(255) COLLATE utf8mb4_unicode_ci NOT NULL,
  `model_id` bigint(20) unsigned NOT NULL,
  PRIMARY KEY (`permission_id`,`model_id`,`model_type`),
  KEY `model_has_permissions_model_id_model_type_index` (`model_id`,`model_type`),
  CONSTRAINT `model_has_permissions_permission_id_foreign` FOREIGN KEY (`permission_id`) REFERENCES `permissions` (`id`) ON DELETE CASCADE
) ENGINE=InnoDB DEFAULT CHARSET=utf8mb4 COLLATE=utf8mb4_unicode_ci;
/*!40101 SET character_set_client = @saved_cs_client */;

--
-- Dumping data for table `model_has_permissions`
--

LOCK TABLES `model_has_permissions` WRITE;
/*!40000 ALTER TABLE `model_has_permissions` DISABLE KEYS */;
/*!40000 ALTER TABLE `model_has_permissions` ENABLE KEYS */;
UNLOCK TABLES;

--
-- Table structure for table `model_has_roles`
--

DROP TABLE IF EXISTS `model_has_roles`;
/*!40101 SET @saved_cs_client     = @@character_set_client */;
/*!40101 SET character_set_client = utf8 */;
CREATE TABLE `model_has_roles` (
  `role_id` bigint(20) unsigned NOT NULL,
  `model_type` varchar(255) COLLATE utf8mb4_unicode_ci NOT NULL,
  `model_id` bigint(20) unsigned NOT NULL,
  PRIMARY KEY (`role_id`,`model_id`,`model_type`),
  KEY `model_has_roles_model_id_model_type_index` (`model_id`,`model_type`),
  CONSTRAINT `model_has_roles_role_id_foreign` FOREIGN KEY (`role_id`) REFERENCES `roles` (`id`) ON DELETE CASCADE
) ENGINE=InnoDB DEFAULT CHARSET=utf8mb4 COLLATE=utf8mb4_unicode_ci;
/*!40101 SET character_set_client = @saved_cs_client */;

--
-- Dumping data for table `model_has_roles`
--

LOCK TABLES `model_has_roles` WRITE;
/*!40000 ALTER TABLE `model_has_roles` DISABLE KEYS */;
INSERT INTO `model_has_roles` VALUES (1,'App\\Models\\User',1);
/*!40000 ALTER TABLE `model_has_roles` ENABLE KEYS */;
UNLOCK TABLES;

--
-- Table structure for table `password_resets`
--

DROP TABLE IF EXISTS `password_resets`;
/*!40101 SET @saved_cs_client     = @@character_set_client */;
/*!40101 SET character_set_client = utf8 */;
CREATE TABLE `password_resets` (
  `email` varchar(255) COLLATE utf8mb4_unicode_ci NOT NULL,
  `token` varchar(255) COLLATE utf8mb4_unicode_ci NOT NULL,
  `created_at` timestamp NULL DEFAULT NULL,
  KEY `password_resets_email_index` (`email`)
) ENGINE=InnoDB DEFAULT CHARSET=utf8mb4 COLLATE=utf8mb4_unicode_ci;
/*!40101 SET character_set_client = @saved_cs_client */;

--
-- Dumping data for table `password_resets`
--

LOCK TABLES `password_resets` WRITE;
/*!40000 ALTER TABLE `password_resets` DISABLE KEYS */;
/*!40000 ALTER TABLE `password_resets` ENABLE KEYS */;
UNLOCK TABLES;

--
-- Table structure for table `penalties`
--

DROP TABLE IF EXISTS `penalties`;
/*!40101 SET @saved_cs_client     = @@character_set_client */;
/*!40101 SET character_set_client = utf8 */;
CREATE TABLE `penalties` (
  `id` bigint(20) unsigned NOT NULL AUTO_INCREMENT,
  `description` varchar(255) COLLATE utf8mb4_unicode_ci NOT NULL,
  `points` smallint(6) NOT NULL,
  `created_at` timestamp NULL DEFAULT NULL,
  `updated_at` timestamp NULL DEFAULT NULL,
  PRIMARY KEY (`id`)
) ENGINE=InnoDB AUTO_INCREMENT=3 DEFAULT CHARSET=utf8mb4 COLLATE=utf8mb4_unicode_ci;
/*!40101 SET character_set_client = @saved_cs_client */;

--
-- Dumping data for table `penalties`
--

LOCK TABLES `penalties` WRITE;
/*!40000 ALTER TABLE `penalties` DISABLE KEYS */;
INSERT INTO `penalties` VALUES (1,'Collision - No Positions Lost',1,'2020-11-11 10:15:33','2020-11-11 10:15:33'),(2,'Collision - Positions Lost',2,'2020-11-11 10:20:06','2020-11-11 10:20:06');
/*!40000 ALTER TABLE `penalties` ENABLE KEYS */;
UNLOCK TABLES;

--
-- Table structure for table `permissions`
--

DROP TABLE IF EXISTS `permissions`;
/*!40101 SET @saved_cs_client     = @@character_set_client */;
/*!40101 SET character_set_client = utf8 */;
CREATE TABLE `permissions` (
  `id` bigint(20) unsigned NOT NULL AUTO_INCREMENT,
  `name` varchar(255) COLLATE utf8mb4_unicode_ci NOT NULL,
  `guard_name` varchar(255) COLLATE utf8mb4_unicode_ci NOT NULL,
  `created_at` timestamp NULL DEFAULT NULL,
  `updated_at` timestamp NULL DEFAULT NULL,
  PRIMARY KEY (`id`)
) ENGINE=InnoDB AUTO_INCREMENT=5 DEFAULT CHARSET=utf8mb4 COLLATE=utf8mb4_unicode_ci;
/*!40101 SET character_set_client = @saved_cs_client */;

--
-- Dumping data for table `permissions`
--

LOCK TABLES `permissions` WRITE;
/*!40000 ALTER TABLE `permissions` DISABLE KEYS */;
INSERT INTO `permissions` VALUES (1,'manage users','web','2020-11-02 02:01:31','2020-11-02 02:01:31'),(2,'give penalties','web','2020-11-02 02:14:25','2020-11-02 02:14:25'),(3,'manage series','web','2020-11-02 02:21:43','2020-11-02 02:21:43'),(4,'manage drivers','web','2020-11-02 04:00:15','2020-11-02 04:00:15');
/*!40000 ALTER TABLE `permissions` ENABLE KEYS */;
UNLOCK TABLES;

--
-- Table structure for table `role_has_permissions`
--

DROP TABLE IF EXISTS `role_has_permissions`;
/*!40101 SET @saved_cs_client     = @@character_set_client */;
/*!40101 SET character_set_client = utf8 */;
CREATE TABLE `role_has_permissions` (
  `permission_id` bigint(20) unsigned NOT NULL,
  `role_id` bigint(20) unsigned NOT NULL,
  PRIMARY KEY (`permission_id`,`role_id`),
  KEY `role_has_permissions_role_id_foreign` (`role_id`),
  CONSTRAINT `role_has_permissions_permission_id_foreign` FOREIGN KEY (`permission_id`) REFERENCES `permissions` (`id`) ON DELETE CASCADE,
  CONSTRAINT `role_has_permissions_role_id_foreign` FOREIGN KEY (`role_id`) REFERENCES `roles` (`id`) ON DELETE CASCADE
) ENGINE=InnoDB DEFAULT CHARSET=utf8mb4 COLLATE=utf8mb4_unicode_ci;
/*!40101 SET character_set_client = @saved_cs_client */;

--
-- Dumping data for table `role_has_permissions`
--

LOCK TABLES `role_has_permissions` WRITE;
/*!40000 ALTER TABLE `role_has_permissions` DISABLE KEYS */;
INSERT INTO `role_has_permissions` VALUES (1,1),(2,1),(3,1),(4,1);
/*!40000 ALTER TABLE `role_has_permissions` ENABLE KEYS */;
UNLOCK TABLES;

--
-- Table structure for table `roles`
--

DROP TABLE IF EXISTS `roles`;
/*!40101 SET @saved_cs_client     = @@character_set_client */;
/*!40101 SET character_set_client = utf8 */;
CREATE TABLE `roles` (
  `id` bigint(20) unsigned NOT NULL AUTO_INCREMENT,
  `name` varchar(255) COLLATE utf8mb4_unicode_ci NOT NULL,
  `guard_name` varchar(255) COLLATE utf8mb4_unicode_ci NOT NULL,
  `created_at` timestamp NULL DEFAULT NULL,
  `updated_at` timestamp NULL DEFAULT NULL,
  PRIMARY KEY (`id`)
) ENGINE=InnoDB AUTO_INCREMENT=2 DEFAULT CHARSET=utf8mb4 COLLATE=utf8mb4_unicode_ci;
/*!40101 SET character_set_client = @saved_cs_client */;

--
-- Dumping data for table `roles`
--

LOCK TABLES `roles` WRITE;
/*!40000 ALTER TABLE `roles` DISABLE KEYS */;
INSERT INTO `roles` VALUES (1,'admin','web','2020-11-02 01:56:42','2020-11-02 01:56:42');
/*!40000 ALTER TABLE `roles` ENABLE KEYS */;
UNLOCK TABLES;

--
-- Table structure for table `series`
--

DROP TABLE IF EXISTS `series`;
/*!40101 SET @saved_cs_client     = @@character_set_client */;
/*!40101 SET character_set_client = utf8 */;
CREATE TABLE `series` (
  `id` bigint(20) unsigned NOT NULL AUTO_INCREMENT,
  `name` varchar(255) COLLATE utf8mb4_unicode_ci NOT NULL,
  `top_point` smallint(6) NOT NULL DEFAULT '0',
  `penalty_points` tinyint(1) NOT NULL DEFAULT '0',
  `created_at` timestamp NULL DEFAULT NULL,
  `updated_at` timestamp NULL DEFAULT NULL,
  `splits` tinyint(1) NOT NULL DEFAULT '0',
  PRIMARY KEY (`id`)
) ENGINE=InnoDB AUTO_INCREMENT=4 DEFAULT CHARSET=utf8mb4 COLLATE=utf8mb4_unicode_ci;
/*!40101 SET character_set_client = @saved_cs_client */;

--
-- Dumping data for table `series`
--

LOCK TABLES `series` WRITE;
/*!40000 ALTER TABLE `series` DISABLE KEYS */;
INSERT INTO `series` VALUES (1,'Americas Pint',25,1,'2020-10-14 16:13:48','2020-10-14 16:13:49',0),(2,'Split Testing',0,1,'2020-11-05 00:02:56','2020-11-05 00:02:56',0),(3,'Endurance Series',24,1,'2020-11-12 11:33:28','2020-11-12 11:36:14',0);
/*!40000 ALTER TABLE `series` ENABLE KEYS */;
UNLOCK TABLES;

--
-- Table structure for table `sites`
--

DROP TABLE IF EXISTS `sites`;
/*!40101 SET @saved_cs_client     = @@character_set_client */;
/*!40101 SET character_set_client = utf8 */;
CREATE TABLE `sites` (
  `key` varchar(255) COLLATE utf8mb4_unicode_ci NOT NULL,
  `value` varchar(255) COLLATE utf8mb4_unicode_ci NOT NULL
) ENGINE=InnoDB DEFAULT CHARSET=utf8mb4 COLLATE=utf8mb4_unicode_ci;
/*!40101 SET character_set_client = @saved_cs_client */;

--
-- Dumping data for table `sites`
--

LOCK TABLES `sites` WRITE;
/*!40000 ALTER TABLE `sites` DISABLE KEYS */;
INSERT INTO `sites` VALUES ('sgpToken','eyJhbGciOiJIUzI1NiIsInR5cCI6IkpXVCJ9.eyJpZCI6IlNYczMzSUgtWkRTYTZBMmhVektVXyIsInN0ZWFtSWQiOiI3NjU2MTE5ODAzMjcwMTY2MyIsImlhdCI6MTYwNTAzMTc0OSwiZXhwIjoxNjA1NDYzNzQ5fQ.7PZJrK9i5CMX3DhzYOMXyV5OXC2rlMsZW-3D0p7KkAI'),('sgpLeagueId','ikG1uiyY6vvTGCTAL486M');
/*!40000 ALTER TABLE `sites` ENABLE KEYS */;
UNLOCK TABLES;

--
-- Table structure for table `users`
--

DROP TABLE IF EXISTS `users`;
/*!40101 SET @saved_cs_client     = @@character_set_client */;
/*!40101 SET character_set_client = utf8 */;
CREATE TABLE `users` (
  `id` bigint(20) unsigned NOT NULL AUTO_INCREMENT,
  `name` varchar(255) COLLATE utf8mb4_unicode_ci NOT NULL,
  `driver_id` bigint(20) unsigned NOT NULL,
  `email` varchar(255) COLLATE utf8mb4_unicode_ci NOT NULL,
  `email_verified_at` timestamp NULL DEFAULT NULL,
  `password` varchar(255) COLLATE utf8mb4_unicode_ci NOT NULL,
  `two_factor_secret` text COLLATE utf8mb4_unicode_ci,
  `two_factor_recovery_codes` text COLLATE utf8mb4_unicode_ci,
  `remember_token` varchar(100) COLLATE utf8mb4_unicode_ci DEFAULT NULL,
  `created_at` timestamp NULL DEFAULT NULL,
  `updated_at` timestamp NULL DEFAULT NULL,
  PRIMARY KEY (`id`),
  UNIQUE KEY `users_email_unique` (`email`)
) ENGINE=InnoDB AUTO_INCREMENT=2 DEFAULT CHARSET=utf8mb4 COLLATE=utf8mb4_unicode_ci;
/*!40101 SET character_set_client = @saved_cs_client */;

--
-- Dumping data for table `users`
--

LOCK TABLES `users` WRITE;
/*!40000 ALTER TABLE `users` DISABLE KEYS */;
INSERT INTO `users` VALUES (1,'Dale Carter',10,'xthedalex@gmail.com',NULL,'$2y$10$gDFfntMZ3ORa1pPmZQ/2EuoO3Fabl4h5EMsknLpAQvs0DYUkWGJbq',NULL,NULL,NULL,'2020-10-24 04:50:20','2020-10-24 04:50:20');
/*!40000 ALTER TABLE `users` ENABLE KEYS */;
UNLOCK TABLES;
/*!40103 SET TIME_ZONE=@OLD_TIME_ZONE */;

/*!40101 SET SQL_MODE=@OLD_SQL_MODE */;
/*!40014 SET FOREIGN_KEY_CHECKS=@OLD_FOREIGN_KEY_CHECKS */;
/*!40014 SET UNIQUE_CHECKS=@OLD_UNIQUE_CHECKS */;
/*!40101 SET CHARACTER_SET_CLIENT=@OLD_CHARACTER_SET_CLIENT */;
/*!40101 SET CHARACTER_SET_RESULTS=@OLD_CHARACTER_SET_RESULTS */;
/*!40101 SET COLLATION_CONNECTION=@OLD_COLLATION_CONNECTION */;
/*!40111 SET SQL_NOTES=@OLD_SQL_NOTES */;

-- Dump completed on 2020-11-13  4:11:11
